Workbook

Sheet Simple Car List
A1: Year | B1: Make | C1: Model | D1: Type | E1: Class | F1: Country
A2: ='Detailed Car List + Stats'!B2 -> 2017 | B2: ='Detailed Car List + Stats'!C2 -> Abarth | C2: ='Detailed Car List + Stats'!D2 -> 124 Spider | D2: ='Detailed Car List + Stats'!E2 -> Modern Sports Cars | E2: C | F2: ='Detailed Car List + Stats'!G2 -> Italy
A3: ='Detailed Car List + Stats'!B3 -> 1968 | B3: ='Detailed Car List + Stats'!C3 -> Abarth | C3: ='Detailed Car List + Stats'!D3 -> 595 Esseesse | D3: ='Detailed Car List + Stats'!E3 -> Cult Cars | E3: D | F3: ='Detailed Car List + Stats'!G3 -> Italy
A4: ='Detailed Car List + Stats'!B4 -> 2016 | B4: ='Detailed Car List + Stats'!C4 -> Abarth | C4: ='Detailed Car List + Stats'!D4 -> 695 Biposto | D4: ='Detailed Car List + Stats'!E4 -> Hot Hatch | E4: B | F4: ='Detailed Car List + Stats'!G4 -> Italy
A5: ='Detailed Car List + Stats'!B5 -> 1980 | B5: ='Detailed Car List + Stats'!C5 -> Abarth | C5: ='Detailed Car List + Stats'!D5 -> Fiat 131 | D5: ='Detailed Car List + Stats'!E5 -> Classic Rally | E5: D | F5: ='Detailed Car List + Stats'!G5 -> Italy
A6: ='Detailed Car List + Stats'!B6 -> 2023 | B6: ='Detailed Car List + Stats'!C6 -> Acura | C6: ='Detailed Car List + Stats'!D6 -> Integra A-Spec | D6: ='Detailed Car List + Stats'!E6 -> Hot Hatch | E6: C | F6: ='Detailed Car List + Stats'!G6 -> USA
A7: ='Detailed Car List + Stats'!B7 -> 2001 | B7: ='Detailed Car List + Stats'!C7 -> Acura | C7: ='Detailed Car List + Stats'!D7 -> Integra Type R | D7: ='Detailed Car List + Stats'!E7 -> Retro Hot Hatch | E7: C | F7: ='Detailed Car List + Stats'!G7 -> USA
A8: ='Detailed Car List + Stats'!B8 -> 2022 | B8: ='Detailed Car List + Stats'!C8 -> Acura | C8: ='Detailed Car List + Stats'!D8 -> NSX Type S | D8: ='Detailed Car List + Stats'!E8 -> Modern Supercars | E8: S1 | F8: ='Detailed Car List + Stats'!G8 -> USA
A9: ='Detailed Car List + Stats'!B9 -> 2002 | B9: ='Detailed Car List + Stats'!C9 -> Acura | C9: ='Detailed Car List + Stats'!D9 -> RSX Type S | D9: ='Detailed Car List + Stats'!E9 -> Retro Hot Hatch | E9: C | F9: ='Detailed Car List + Stats'!G9 -> USA
A10: ='Detailed Car List + Stats'!B10 -> 1992 | B10: ='Detailed Car List + Stats'!C10 -> Alfa Romeo | C10: ='Detailed Car List + Stats'!D10 -> 155 Q4 | D10: ='Detailed Car List + Stats'!E10 -> Retro Super Saloons | E10: C | F10: ='Detailed Car List + Stats'!G10 -> Italy
A11: ='Detailed Car List + Stats'!B11 -> 1968 | B11: ='Detailed Car List + Stats'!C11 -> Alfa Romeo | C11: ='Detailed Car List + Stats'!D11 -> 33 Stradale | D11: ='Detailed Car List + Stats'!E11 -> Classic Racers | E11: B | F11: ='Detailed Car List + Stats'!G11 -> Italy
A12: ='Detailed Car List + Stats'!B12 -> 2014 | B12: ='Detailed Car List + Stats'!C12 -> Alfa Romeo | C12: ='Detailed Car List + Stats'!D12 -> 4C | D12: ='Detailed Car List + Stats'!E12 -> Modern Sports Cars | E12: A | F12: ='Detailed Car List + Stats'!G12 -> Italy
A13: ='Detailed Car List + Stats'!B13 -> 2007 | B13: ='Detailed Car List + Stats'!C13 -> Alfa Romeo | C13: ='Detailed Car List + Stats'!D13 -> 8C Competizione | D13: ='Detailed Car List + Stats'!E13 -> GT Cars | E13: A | F13: ='Detailed Car List + Stats'!G13 -> Italy
... A637: ='Detailed Car List + Stats'!B637 -> 2019 | B637: ='Detailed Car List + Stats'!C637 -> Zenvo | C637: ='Detailed Car List + Stats'!D637 -> TSR-S | D637: ='Detailed Car List + Stats'!E637 -> Hypercars | E637: R | F637: ='Detailed Car List + Stats'!G637 -> Denmark

Sheet Detailed Car List
A1: Year | B1: Make | C1: Model | D1: Type | E1: Class | F1: Country | G1: Value (Cr) | H1: Rarity | I1: Source | J1: Source Info
A2: ='Detailed Car List + Stats'!B2 -> 2017 | B2: ='Detailed Car List + Stats'!C2 -> Abarth | C2: ='Detailed Car List + Stats'!D2 -> 124 Spider | D2: ='Detailed Car List + Stats'!E2 -> Modern Sports Cars | E2: C 450 | F2: ='Detailed Car List + Stats'!G2 -> Italy | G2: ='Detailed Car List + Stats'!H2 -> 250000 | H2: Rare | I2: ='Detailed Car List + Stats'!T2 -> Seasonal | J2: ='Detailed Car List + Stats'!U2
A3: ='Detailed Car List + Stats'!B3 -> 1968 | B3: ='Detailed Car List + Stats'!C3 -> Abarth | C3: ='Detailed Car List + Stats'!D3 -> 595 Esseesse | D3: ='Detailed Car List + Stats'!E3 -> Cult Cars | E3: D 100 | F3: ='Detailed Car List + Stats'!G3 -> Italy | G3: ='Detailed Car List + Stats'!H3 -> 25000 | H3: Common | I3: ='Detailed Car List + Stats'!T3 -> Autoshow, Wheelspin | J3: ='Detailed Car List + Stats'!U3
A4: ='Detailed Car List + Stats'!B4 -> 2016 | B4: ='Detailed Car List + Stats'!C4 -> Abarth | C4: ='Detailed Car List + Stats'!D4 -> 695 Biposto | D4: ='Detailed Car List + Stats'!E4 -> Hot Hatch | E4: B 540 | F4: ='Detailed Car List + Stats'!G4 -> Italy | G4: ='Detailed Car List + Stats'!H4 -> 250000 | H4: Common | I4: ='Detailed Car List + Stats'!T4 -> Seasonal | J4: ='Detailed Car List + Stats'!U4
A5: ='Detailed Car List + Stats'!B5 -> 1980 | B5: ='Detailed Car List + Stats'!C5 -> Abarth | C5: ='Detailed Car List + Stats'!D5 -> Fiat 131 | D5: ='Detailed Car List + Stats'!E5 -> Classic Rally | E5: D 399 | F5: ='Detailed Car List + Stats'!G5 -> Italy | G5: ='Detailed Car List + Stats'!H5 -> 125000 | H5: Common | I5: ='Detailed Car List + Stats'!T5 -> Autoshow, Wheelspin | J5: ='Detailed Car List + Stats'!U5
A6: ='Detailed Car List + Stats'!B6 -> 2023 | B6: ='Detailed Car List + Stats'!C6 -> Acura | C6: ='Detailed Car List + Stats'!D6 -> Integra A-Spec | D6: ='Detailed Car List + Stats'!E6 -> Hot Hatch | E6: C 484 | F6: ='Detailed Car List + Stats'!G6 -> USA | G6: ='Detailed Car List + Stats'!H6 -> 36000 | H6: Rare | I6: ='Detailed Car List + Stats'!T6 -> Autoshow, Wheelspin | J6: ='Detailed Car List + Stats'!U6
A7: ='Detailed Car List + Stats'!B7 -> 2001 | B7: ='Detailed Car List + Stats'!C7 -> Acura | C7: ='Detailed Car List + Stats'!D7 -> Integra Type R | D7: ='Detailed Car List + Stats'!E7 -> Retro Hot Hatch | E7: C 471 | F7: ='Detailed Car List + Stats'!G7 -> USA | G7: ='Detailed Car List + Stats'!H7 -> 65000 | H7: Common | I7: ='Detailed Car List + Stats'!T7 -> Autoshow, Wheelspin | J7: ='Detailed Car List + Stats'!U7
A8: ='Detailed Car List + Stats'!B8 -> 2022 | B8: ='Detailed Car List + Stats'!C8 -> Acura | C8: ='Detailed Car List + Stats'!D8 -> NSX Type S | D8: ='Detailed Car List + Stats'!E8 -> Modern Supercars | E8: S1 734 | F8: ='Detailed Car List + Stats'!G8 -> USA | G8: ='Detailed Car List + Stats'!H8 -> 193000 | H8: Epic | I8: ='Detailed Car List + Stats'!T8 -> Seasonal | J8: ='Detailed Car List + Stats'!U8
A9: ='Detailed Car List + Stats'!B9 -> 2002 | B9: ='Detailed Car List + Stats'!C9 -> Acura | C9: ='Detailed Car List + Stats'!D9 -> RSX Type S | D9: ='Detailed Car List + Stats'!E9 -> Retro Hot Hatch | E9: C 462 | F9: ='Detailed Car List + Stats'!G9 -> USA | G9: ='Detailed Car List + Stats'!H9 -> 18000 | H9: Common | I9: ='Detailed Car List + Stats'!T9 -> Autoshow, Wheelspin | J9: ='Detailed Car List + Stats'!U9
A10: ='Detailed Car List + Stats'!B10 -> 1992 | B10: ='Detailed Car List + Stats'!C10 -> Alfa Romeo | C10: ='Detailed Car List + Stats'!D10 -> 155 Q4 | D10: ='Detailed Car List + Stats'!E10 -> Retro Super Saloons | E10: C 439 | F10: ='Detailed Car List + Stats'!G10 -> Italy | G10: ='Detailed Car List + Stats'!H10 -> 30000 | H10: Epic | I10: ='Detailed Car List + Stats'!T10 -> Autoshow | J10: ='Detailed Car List + Stats'!U10
A11: ='Detailed Car List + Stats'!B11 -> 1968 | B11: ='Detailed Car List + Stats'!C11 -> Alfa Romeo | C11: ='Detailed Car List + Stats'!D11 -> 33 Stradale | D11: ='Detailed Car List + Stats'!E11 -> Classic Racers | E11: B 593 | F11: ='Detailed Car List + Stats'!G11 -> Italy | G11: ='Detailed Car List + Stats'!H11 -> 3500000 | H11: Legendary | I11: ='Detailed Car List + Stats'!T11 -> Autoshow, Wheelspin | J11: ='Detailed Car List + Stats'!U11
A12: ='Detailed Car List + Stats'!B12 -> 2014 | B12: ='Detailed Car List + Stats'!C12 -> Alfa Romeo | C12: ='Detailed Car List + Stats'!D12 -> 4C | D12: ='Detailed Car List + Stats'!E12 -> Modern Sports Cars | E12: A 644 | F12: ='Detailed Car List + Stats'!G12 -> Italy | G12: ='Detailed Car List + Stats'!H12 -> 73000 | H12: Epic | I12: ='Detailed Car List + Stats'!T12 -> Autoshow | J12: ='Detailed Car List + Stats'!U12
A13: ='Detailed Car List + Stats'!B13 -> 2007 | B13: ='Detailed Car List + Stats'!C13 -> Alfa Romeo | C13: ='Detailed Car List + Stats'!D13 -> 8C Competizione | D13: ='Detailed Car List + Stats'!E13 -> GT Cars | E13: A 635 | F13: ='Detailed Car List + Stats'!G13 -> Italy | G13: ='Detailed Car List + Stats'!H13 -> 312000 | H13: Epic | I13: ='Detailed Car List + Stats'!T13 -> Autoshow, Wheelspin | J13: ='Detailed Car List + Stats'!U13
A14: ='Detailed Car List + Stats'!B14 -> 1968 | B14: ='Detailed Car List + Stats'!C14 -> Alfa Romeo | C14: ='Detailed Car List + Stats'!D14 -> Autodelta Tipo 33/2 Daytona | D14: ='Detailed Car List + Stats'!E14 -> Classic Racers | E14: A 696 | F14: ='Detailed Car List + Stats'!G14 -> Italy | G14: ='Detailed Car List + Stats'!H14 | I14: ='Detailed Car List + Stats'!T14 -> Autoshow DLC | J14: ='Detailed Car List + Stats'!U14 -> Car Pass
A15: ='Detailed Car List + Stats'!B15 -> 2021 | B15: ='Detailed Car List + Stats'!C15 -> Alfa Romeo | C15: ='Detailed Car List + Stats'!D15 -> Giulia GTAm | D15: ='Detailed Car List + Stats'!E15 -> Modern Super Saloons | E15: S1 711 | F15: ='Detailed Car List + Stats'!G15 -> Italy | G15: ='Detailed Car List + Stats'!H15 -> 225000 | H15: Rare | I15: ='Detailed Car List + Stats'!T15 -> Autoshow DLC | J15: ='Detailed Car List + Stats'!U15 -> Italian Passion Car Pack
A16: ='Detailed Car List + Stats'!B16 -> 2017 | B16: ='Detailed Car List + Stats'!C16 -> Alfa Romeo | C16: ='Detailed Car List + Stats'!D16 -> Giulia Quadrifoglio | D16: ='Detailed Car List + Stats'!E16 -> Modern Super Saloons | E16: A 667 | F16: ='Detailed Car List + Stats'!G16 -> Italy | G16: ='Detailed Car List + Stats'!H16 -> 45000 | H16: Rare | I16: ='Detailed Car List + Stats'!T16 -> Autoshow, Wheelspin | J16: ='Detailed Car List + Stats'!U16
A17: ='Detailed Car List + Stats'!B17 -> 1965 | B17: ='Detailed Car List + Stats'!C17 -> Alfa Romeo | C17: ='Detailed Car List + Stats'!D17 -> Giulia Sprint GTA Stradale | D17: ='Detailed Car List + Stats'!E17 -> Rare Classics | E17: D 379 | F17: ='Detailed Car List + Stats'!G17 -> Italy | G17: ='Detailed Car List + Stats'!H17 -> 343000 | H17: Rare | I17: ='Detailed Car List + Stats'!T17 -> Autoshow, Wheelspin | J17: ='Detailed Car List + Stats'!U17
A18: ='Detailed Car List + Stats'!B18 -> 1965 | B18: ='Detailed Car List + Stats'!C18 -> Alfa Romeo | C18: ='Detailed Car List + Stats'!D18 -> Giulia TZ2 | D18: ='Detailed Car List + Stats'!E18 -> Classic Racers | E18: B 532 | F18: ='Detailed Car List + Stats'!G18 -> Italy | G18: ='Detailed Car List + Stats'!H18 | I18: ='Detailed Car List + Stats'!T18 -> Collection Journal, Seasonal | J18: ='Detailed Car List + Stats'!U18
A19: ='Detailed Car List + Stats'!B19 -> 1990 | B19: ='Detailed Car List + Stats'!C19 -> Alfa Romeo | C19: ='Detailed Car List + Stats'!D19 -> SE 048SP | D19: ='Detailed Car List + Stats'!E19 -> Retro Racers | E19: R 978 | F19: ='Detailed Car List + Stats'!G19 -> Italy | G19: ='Detailed Car List + Stats'!H19 -> 1000000 | H19: Legendary | I19: ='Detailed Car List + Stats'!T19 -> Autoshow DLC | J19: ='Detailed Car List + Stats'!U19 -> Italian Passion Car Pack
A20: ='Detailed Car List + Stats'!B20 -> 2021 | B20: ='Detailed Car List + Stats'!C20 -> Alumicraft | C20: ='Detailed Car List + Stats'!D20 -> #122 Class 1 Buggy | D20: ='Detailed Car List + Stats'!E20 -> Unlimited Buggies | E20: B 571 | F20: ='Detailed Car List + Stats'!G20 -> USA | G20: ='Detailed Car List + Stats'!H20 -> 160000 | H20: Epic | I20: ='Detailed Car List + Stats'!T20 -> Autoshow, Wheelspin | J20: ='Detailed Car List + Stats'!U20
A21: ='Detailed Car List + Stats'!B21 -> 2022 | B21: ='Detailed Car List + Stats'!C21 -> Alumicraft | C21: ='Detailed Car List + Stats'!D21 -> #6165 Trick Truck | D21: ='Detailed Car List + Stats'!E21 -> Unlimited Offroad | E21: C 485 | F21: ='Detailed Car List + Stats'!G21 -> USA | G21: ='Detailed Car List + Stats'!H21 -> 300000 | H21: Epic | I21: ='Detailed Car List + Stats'!T21 -> Autoshow, Wheelspin | J21: ='Detailed Car List + Stats'!U21
A22: ='Detailed Car List + Stats'!B22 -> 2015 | B22: ='Detailed Car List + Stats'!C22 -> Alumicraft | C22: ='Detailed Car List + Stats'!D22 -> Class 10 Race Car | D22: ='Detailed Car List + Stats'!E22 -> Unlimited Buggies | E22: B 532 | F22: ='Detailed Car List + Stats'!G22 -> USA | G22: ='Detailed Car List + Stats'!H22 -> 45000 | H22: Epic | I22: ='Detailed Car List + Stats'!T22 -> Autoshow, Wheelspin | J22: ='Detailed Car List + Stats'!U22
A23: ='Detailed Car List + Stats'!B23 -> 2554 | B23: ='Detailed Car List + Stats'!C23 -> AMG Transport Dynamics | C23: ='Detailed Car List + Stats'!D23 -> M12S Warthog CST | D23: ='Detailed Car List + Stats'!E23 -> Unlimited Offroad | E23: A 663 | F23: ='Detailed Car List + Stats'!G23 -> USA | G23: ='Detailed Car List + Stats'!H23 -> 850000 | H23: Legendary | I23: ='Detailed Car List + Stats'!T23 -> Autoshow, Collection Journal | J23: ='Detailed Car List + Stats'!U23
A24: ='Detailed Car List + Stats'!B24 -> 2019 | B24: ='Detailed Car List + Stats'!C24 -> Apollo | C24: ='Detailed Car List + Stats'!D24 -> Intensa Emozione | D24: ='Detailed Car List + Stats'!E24 -> Extreme Track Toys | E24: R 916 | F24: ='Detailed Car List + Stats'!G24 -> Germany | G24: ='Detailed Car List + Stats'!H24 | I24: ='Detailed Car List + Stats'!T24 -> Wheelspin, Seasonal | J24: ='Detailed Car List + Stats'!U24
A25: ='Detailed Car List + Stats'!B25 -> 2013 | B25: ='Detailed Car List + Stats'!C25 -> Ariel | C25: ='Detailed Car List + Stats'!D25 -> Atom 500 V8 | D25: ='Detailed Car List + Stats'!E25 -> Extreme Track Toys | E25: S2 825 | F25: ='Detailed Car List + Stats'!G25 -> UK | G25: ='Detailed Car List + Stats'!H25 -> 190000 | H25: Epic | I25: ='Detailed Car List + Stats'!T25 -> Autoshow, Wheelspin | J25: ='Detailed Car List + Stats'!U25
A26: ='Detailed Car List + Stats'!B26 -> 2016 | B26: ='Detailed Car List + Stats'!C26 -> Ariel | C26: ='Detailed Car List + Stats'!D26 -> Nomad | D26: ='Detailed Car List + Stats'!E26 -> Unlimited Buggies | E26: A 601 | F26: ='Detailed Car List + Stats'!G26 -> UK | G26: ='Detailed Car List + Stats'!H26 -> 54000 | H26: Rare | I26: ='Detailed Car List + Stats'!T26 -> Autoshow, Collection Journal, Wheelspin | J26: ='Detailed Car List + Stats'!U26
A27: ='Detailed Car List + Stats'!B27 -> 2017 | B27: ='Detailed Car List + Stats'!C27 -> Aston Martin | C27: ='Detailed Car List + Stats'!D27 -> DB11 | D27: ='Detailed Car List + Stats'!E27 -> Super GT | E27: A 679 | F27: ='Detailed Car List + Stats'!G27 -> UK | G27: ='Detailed Car List + Stats'!H27 -> 175000 | H27: Epic | I27: ='Detailed Car List + Stats'!T27 -> Autoshow, Wheelspin | J27: ='Detailed Car List + Stats'!U27
A28: ='Detailed Car List + Stats'!B28 -> 1964 | B28: ='Detailed Car List + Stats'!C28 -> Aston Martin | C28: ='Detailed Car List + Stats'!D28 -> DB5 | D28: ='Detailed Car List + Stats'!E28 -> Rare Classics | E28: C 416 | F28: ='Detailed Car List + Stats'!G28 -> UK | G28: ='Detailed Car List + Stats'!H28 -> 500000 | H28: Epic | I28: ='Detailed Car List + Stats'!T28 -> Autoshow | J28: ='Detailed Car List + Stats'!U28
A29: ='Detailed Car List + Stats'!B29 -> 2003 | B29: ='Detailed Car List + Stats'!C29 -> Aston Martin | C29: ='Detailed Car List + Stats'!D29 -> DB7 GT | D29: ='Detailed Car List + Stats'!E29 -> Retro Sports Cars | E29: B 566 | F29: ='Detailed Car List + Stats'!G29 -> UK | G29: ='Detailed Car List + Stats'!H29 -> 80000 | H29: Rare | I29: ='Detailed Car List + Stats'!T29 -> Autoshow DLC | J29: ='Detailed Car List + Stats'!U29 -> Car Pass
A30: ='Detailed Car List + Stats'!B30 -> 2019 | B30: ='Detailed Car List + Stats'!C30 -> Aston Martin | C30: ='Detailed Car List + Stats'!D30 -> DBS Superleggera | D30: ='Detailed Car List + Stats'!E30 -> Super GT | E30: S1 736 | F30: ='Detailed Car List + Stats'!G30 -> UK | G30: ='Detailed Car List + Stats'!H30 | I30: ='Detailed Car List + Stats'!T30 -> Wheelspin, Seasonal | J30: ='Detailed Car List + Stats'!U30
A31: ='Detailed Car List + Stats'!B31 -> 2021 | B31: ='Detailed Car List + Stats'!C31 -> Aston Martin | C31: ='Detailed Car List + Stats'!D31 -> DBX | D31: ='Detailed Car List + Stats'!E31 -> Sports Utility Heroes | E31: A 618 | F31: ='Detailed Car List + Stats'!G31 -> UK | G31: ='Detailed Car List + Stats'!H31 -> 250000 | H31: Rare | I31: ='Detailed Car List + Stats'!T31 -> Seasonal | J31: ='Detailed Car List + Stats'!U31
A32: ='Detailed Car List + Stats'!B32 -> 2019 | B32: ='Detailed Car List + Stats'!C32 -> Aston Martin | C32: ='Detailed Car List + Stats'!D32 -> Valhalla Concept Car | D32: ='Detailed Car List + Stats'!E32 -> Hypercars | E32: R 960 | F32: ='Detailed Car List + Stats'!G32 -> UK | G32: ='Detailed Car List + Stats'!H32 | I32: ='Detailed Car List + Stats'!T32 -> Wheelspin, Seasonal | J32: ='Detailed Car List + Stats'!U32
A33: ='Detailed Car List + Stats'!B33 -> 2023 | B33: ='Detailed Car List + Stats'!C33 -> Aston Martin | C33: ='Detailed Car List + Stats'!D33 -> Valkyrie | D33: ='Detailed Car List + Stats'!E33 -> Hypercars | E33: R 924 | F33: ='Detailed Car List + Stats'!G33 -> UK | G33: ='Detailed Car List + Stats'!H33 -> 2750000 | H33: Legendary | I33: ='Detailed Car List + Stats'!T33 -> Autoshow, Wheelspin | J33: ='Detailed Car List + Stats'!U33
A34: ='Detailed Car List + Stats'!B34 -> 2022 | B34: ='Detailed Car List + Stats'!C34 -> Aston Martin | C34: ='Detailed Car List + Stats'!D34 -> Valkyrie AMR Pro | D34: ='Detailed Car List + Stats'!E34 -> Extreme Track Toys | E34: R 989 | F34: ='Detailed Car List + Stats'!G34 -> UK | G34: ='Detailed Car List + Stats'!H34 -> 4200000 | H34: Legendary | I34: ='Detailed Car List + Stats'!T34 -> Autoshow, Collection Journal, Wheelspin | J34: ='Detailed Car List + Stats'!U34
A35: ='Detailed Car List + Stats'!B35 -> 2019 | B35: ='Detailed Car List + Stats'!C35 -> Aston Martin | C35: ='Detailed Car List + Stats'!D35 -> Vantage | D35: ='Detailed Car List + Stats'!E35 -> GT Cars | E35: A 696 | F35: ='Detailed Car List + Stats'!G35 -> UK | G35: ='Detailed Car List + Stats'!H35 -> 250000 | H35: Epic | I35: ='Detailed Car List + Stats'!T35 -> Autoshow | J35: ='Detailed Car List + Stats'!U35
A36: ='Detailed Car List + Stats'!B36 -> 2016 | B36: ='Detailed Car List + Stats'!C36 -> Aston Martin | C36: ='Detailed Car List + Stats'!D36 -> Vulcan | D36: ='Detailed Car List + Stats'!E36 -> Extreme Track Toys | E36: S2 884 | F36: ='Detailed Car List + Stats'!G36 -> UK | G36: ='Detailed Car List + Stats'!H36 -> 2300000 | H36: Legendary | I36: ='Detailed Car List + Stats'!T36 -> Autoshow, Wheelspin, Loyalty | J36: ='Detailed Car List + Stats'!U36
A37: ='Detailed Car List + Stats'!B37 -> 2017 | B37: ='Detailed Car List + Stats'!C37 -> Aston Martin | C37: ='Detailed Car List + Stats'!D37 -> Vulcan AMR Pro | D37: ='Detailed Car List + Stats'!E37 -> Extreme Track Toys | E37: S2 898 | F37: ='Detailed Car List + Stats'!G37 -> UK | G37: ='Detailed Car List + Stats'!H37 -> 3000000 | H37: Legendary | I37: ='Detailed Car List + Stats'!T37 -> Autoshow, Wheelspin | J37: ='Detailed Car List + Stats'!U37
A38: ='Detailed Car List + Stats'!B38 -> 1986 | B38: ='Detailed Car List + Stats'!C38 -> Audi | C38: ='Detailed Car List + Stats'!D38 -> #2 Audi Sport Quattro S1 | D38: ='Detailed Car List + Stats'!E38 -> Rally Monsters | E38: S1 726 | F38: ='Detailed Car List + Stats'!G38 -> Germany | G38: ='Detailed Car List + Stats'!H38 -> 750000 | H38: Legendary | I38: ='Detailed Car List + Stats'!T38 -> Autoshow, Wheelspin | J38: ='Detailed Car List + Stats'!U38
A39: ='Detailed Car List + Stats'!B39 -> 2023 | B39: ='Detailed Car List + Stats'!C39 -> Audi | C39: ='Detailed Car List + Stats'!D39 -> R8 Coupé V10 GT RWD | D39: ='Detailed Car List + Stats'!E39 -> Modern Supercars | E39: S1 769 | F39: ='Detailed Car List + Stats'!G39 -> Germany | G39: ='Detailed Car List + Stats'!H39 -> 250000 | H39: Epic | I39: ='Detailed Car List + Stats'!T39 -> Autoshow DLC | J39: ='Detailed Car List + Stats'!U39 -> Car Pass
A40: ='Detailed Car List + Stats'!B40 -> 2013 | B40: ='Detailed Car List + Stats'!C40 -> Audi | C40: ='Detailed Car List + Stats'!D40 -> R8 Coupé V10 Plus 5.2 FSI Quattro | D40: ='Detailed Car List + Stats'!E40 -> Modern Supercars | E40: A 694 | F40: ='Detailed Car List + Stats'!G40 -> Germany | G40: ='Detailed Car List + Stats'!H40 | I40: ='Detailed Car List + Stats'!T40 -> Collection Journal, Seasonal | J40: ='Detailed Car List + Stats'!U40
A41: ='Detailed Car List + Stats'!B41 -> 2009 | B41: ='Detailed Car List + Stats'!C41 -> Audi | C41: ='Detailed Car List + Stats'!D41 -> R8 LMS | D41: ='Detailed Car List + Stats'!E41 -> Extreme Track Toys | E41: S2 810 | F41: ='Detailed Car List + Stats'!G41 -> Germany | G41: ='Detailed Car List + Stats'!H41 -> 900000 | H41: Rare | I41: ='Detailed Car List + Stats'!T41 -> Autoshow, Wheelspin | J41: ='Detailed Car List + Stats'!U41
A42: ='Detailed Car List + Stats'!B42 -> 2020 | B42: ='Detailed Car List + Stats'!C42 -> Audi | C42: ='Detailed Car List + Stats'!D42 -> R8 V10 Performance | D42: ='Detailed Car List + Stats'!E42 -> Modern Supercars | E42: S1 738 | F42: ='Detailed Car List + Stats'!G42 -> Germany | G42: ='Detailed Car List + Stats'!H42 -> 281000 | H42: Rare | I42: ='Detailed Car List + Stats'!T42 -> Autoshow, Wheelspin | J42: ='Detailed Car List + Stats'!U42
A43: ='Detailed Car List + Stats'!B43 -> 2016 | B43: ='Detailed Car List + Stats'!C43 -> Audi | C43: ='Detailed Car List + Stats'!D43 -> R8 V10 Plus | D43: ='Detailed Car List + Stats'!E43 -> Modern Supercars | E43: S1 731 | F43: ='Detailed Car List + Stats'!G43 -> Germany | G43: ='Detailed Car List + Stats'!H43 -> 160000 | H43: Epic | I43: ='Detailed Car List + Stats'!T43 -> Autoshow, Wheelspin | J43: ='Detailed Car List + Stats'!U43
A44: ='Detailed Car List + Stats'!B44 -> 2020 | B44: ='Detailed Car List + Stats'!C44 -> Audi | C44: ='Detailed Car List + Stats'!D44 -> RS 3 Sedan | D44: ='Detailed Car List + Stats'!E44 -> Modern Super Saloons | E44: A 617 | F44: ='Detailed Car List + Stats'!G44 -> Germany | G44: ='Detailed Car List + Stats'!H44 -> 52000 | H44: Rare | I44: ='Detailed Car List + Stats'!T44 -> Autoshow, Wheelspin | J44: ='Detailed Car List + Stats'!U44
A45: ='Detailed Car List + Stats'!B45 -> 2011 | B45: ='Detailed Car List + Stats'!C45 -> Audi | C45: ='Detailed Car List + Stats'!D45 -> RS 3 Sportback | D45: ='Detailed Car List + Stats'!E45 -> Super Hot Hatch | E45: B 565 | F45: ='Detailed Car List + Stats'!G45 -> Germany | G45: ='Detailed Car List + Stats'!H45 -> 20000 | H45: Common | I45: ='Detailed Car List + Stats'!T45 -> Autoshow, Wheelspin | J45: ='Detailed Car List + Stats'!U45
A46: ='Detailed Car List + Stats'!B46 -> 2006 | B46: ='Detailed Car List + Stats'!C46 -> Audi | C46: ='Detailed Car List + Stats'!D46 -> RS 4 | D46: ='Detailed Car List + Stats'!E46 -> Modern Super Saloons | E46: B 593 | F46: ='Detailed Car List + Stats'!G46 -> Germany | G46: ='Detailed Car List + Stats'!H46 -> 75000 | H46: Rare | I46: ='Detailed Car List + Stats'!T46 -> Autoshow, Wheelspin | J46: ='Detailed Car List + Stats'!U46
A47: ='Detailed Car List + Stats'!B47 -> 2001 | B47: ='Detailed Car List + Stats'!C47 -> Audi | C47: ='Detailed Car List + Stats'!D47 -> RS 4 Avant | D47: ='Detailed Car List + Stats'!E47 -> Retro Super Saloons | E47: B 544 | F47: ='Detailed Car List + Stats'!G47 -> Germany | G47: ='Detailed Car List + Stats'!H47 -> 175000 | H47: Common | I47: ='Detailed Car List + Stats'!T47 -> Autoshow, Wheelspin | J47: ='Detailed Car List + Stats'!U47
A48: ='Detailed Car List + Stats'!B48 -> 2013 | B48: ='Detailed Car List + Stats'!C48 -> Audi | C48: ='Detailed Car List + Stats'!D48 -> RS 4 Avant | D48: ='Detailed Car List + Stats'!E48 -> Modern Super Saloons | E48: A 607 | F48: ='Detailed Car List + Stats'!G48 -> Germany | G48: ='Detailed Car List + Stats'!H48 -> 30000 | H48: Rare | I48: ='Detailed Car List + Stats'!T48 -> Autoshow, Wheelspin | J48: ='Detailed Car List + Stats'!U48
A49: ='Detailed Car List + Stats'!B49 -> 2018 | B49: ='Detailed Car List + Stats'!C49 -> Audi | C49: ='Detailed Car List + Stats'!D49 -> RS 4 Avant | D49: ='Detailed Car List + Stats'!E49 -> Modern Super Saloons | E49: A 637 | F49: ='Detailed Car List + Stats'!G49 -> Germany | G49: ='Detailed Car List + Stats'!H49 -> 50000 | H49: Rare | I49: ='Detailed Car List + Stats'!T49 -> Autoshow, Wheelspin | J49: ='Detailed Car List + Stats'!U49
A50: ='Detailed Car List + Stats'!B50 -> 2011 | B50: ='Detailed Car List + Stats'!C50 -> Audi | C50: ='Detailed Car List + Stats'!D50 -> RS 5 Coupé | D50: ='Detailed Car List + Stats'!E50 -> Modern Super Saloons | E50: A 613 | F50: ='Detailed Car List + Stats'!G50 -> Germany | G50: ='Detailed Car List + Stats'!H50 -> 25000 | H50: Rare | I50: ='Detailed Car List + Stats'!T50 -> Autoshow, Wheelspin | J50: ='Detailed Car List + Stats'!U50
A51: ='Detailed Car List + Stats'!B51 -> 2003 | B51: ='Detailed Car List + Stats'!C51 -> Audi | C51: ='Detailed Car List + Stats'!D51 -> RS 6 | D51: ='Detailed Car List + Stats'!E51 -> Retro Super Saloons | E51: B 556 | F51: ='Detailed Car List + Stats'!G51 -> Germany | G51: ='Detailed Car List + Stats'!H51 -> 35000 | H51: Rare | I51: ='Detailed Car List + Stats'!T51 -> Autoshow, Wheelspin | J51: ='Detailed Car List + Stats'!U51
A52: ='Detailed Car List + Stats'!B52 -> 2009 | B52: ='Detailed Car List + Stats'!C52 -> Audi | C52: ='Detailed Car List + Stats'!D52 -> RS 6 | D52: ='Detailed Car List + Stats'!E52 -> Modern Super Saloons | E52: B 598 | F52: ='Detailed Car List + Stats'!G52 -> Germany | G52: ='Detailed Car List + Stats'!H52 -> 42000 | H52: Epic | I52: ='Detailed Car List + Stats'!T52 -> Autoshow, Wheelspin | J52: ='Detailed Car List + Stats'!U52
... A58: ='Detailed Car List + Stats'!B58 -> 2015 | B58: ='Detailed Car List + Stats'!C58 -> Audi | C58: ='Detailed Car List + Stats'!D58 -> S1 | D58: ='Detailed Car List + Stats'!E58 -> Hot Hatch | E58: B 527 | F58: ='Detailed Car List + Stats'!G58 -> Germany | G58: ='Detailed Car List + Stats'!H58 -> 21000 | H58: Common | I58: ='Detailed Car List + Stats'!T58 -> Autoshow, Wheelspin | J58: ='Detailed Car List + Stats'!U58
A59: ='Detailed Car List + Stats'!B59 -> 1984 | B59: ='Detailed Car List + Stats'!C59 -> Audi | C59: ='Detailed Car List + Stats'!D59 -> Sport Quattro | D59: ='Detailed Car List + Stats'!E59 -> Retro Rally | E59: B 526 | F59: ='Detailed Car List + Stats'!G59 -> Germany | G59: ='Detailed Car List + Stats'!H59 | I59: ='Detailed Car List + Stats'!T59 -> Wheelspin, Seasonal | J59: ='Detailed Car List + Stats'!U59
A60: ='Detailed Car List + Stats'!B60 -> 2010 | B60: ='Detailed Car List + Stats'!C60 -> Audi | C60: ='Detailed Car List + Stats'!D60 -> TT RS Coupé | D60: ='Detailed Car List + Stats'!E60 -> Modern Sports Cars | E60: B 593 | F60: ='Detailed Car List + Stats'!G60 -> Germany | G60: ='Detailed Car List + Stats'!H60 -> 35000 | H60: Rare | I60: ='Detailed Car List + Stats'!T60 -> Autoshow, Wheelspin | J60: ='Detailed Car List + Stats'!U60
A61: ='Detailed Car List + Stats'!B61 -> 1965 | B61: ='Detailed Car List + Stats'!C61 -> Austin-Healey | C61: ='Detailed Car List + Stats'!D61 -> 3000 Mk III | D61: ='Detailed Car List + Stats'!E61 -> Classic Sports Cars | E61: D 352 | F61: ='Detailed Car List + Stats'!G61 -> UK | G61: ='Detailed Car List + Stats'!H61 -> 75000 | H61: Common | I61: ='Detailed Car List + Stats'!T61 -> Autoshow, Wheelspin | J61: ='Detailed Car List + Stats'!U61
A62: ='Detailed Car List + Stats'!B62 -> 1993 | B62: ='Detailed Car List + Stats'!C62 -> Autozam | C62: ='Detailed Car List + Stats'!D62 -> AZ-1 | D62: ='Detailed Car List + Stats'!E62 -> Eclectic Domestics | E62: D 342 | F62: ='Detailed Car List + Stats'!G62 -> Japan | G62: ='Detailed Car List + Stats'!H62 -> 38000 | H62: Rare | I62: ='Detailed Car List + Stats'!T62 -> Autoshow, Wheelspin | J62: ='Detailed Car List + Stats'!U62
A63: ='Detailed Car List + Stats'!B63 -> 2014 | B63: ='Detailed Car List + Stats'!C63 -> BAC | C63: ='Detailed Car List + Stats'!D63 -> Mono | D63: ='Detailed Car List + Stats'!E63 -> Track Toys | E63: S1 766 | F63: ='Detailed Car List + Stats'!G63 -> UK | G63: ='Detailed Car List + Stats'!H63 -> 196000 | H63: Epic | I63: ='Detailed Car List + Stats'!T63 -> Autoshow, Wheelspin | J63: ='Detailed Car List + Stats'!U63
A64: ='Detailed Car List + Stats'!B64 -> 2016 | B64: ='Detailed Car List + Stats'!C64 -> Bentley | C64: ='Detailed Car List + Stats'!D64 -> Bentayga | D64: ='Detailed Car List + Stats'!E64 -> Sports Utility Heroes | E64: A 612 | F64: ='Detailed Car List + Stats'!G64 -> UK | G64: ='Detailed Car List + Stats'!H64 | I64: ='Detailed Car List + Stats'!T64 -> Wheelspin, Seasonal | J64: ='Detailed Car List + Stats'!U64
A65: ='Detailed Car List + Stats'!B65 -> 2021 | B65: ='Detailed Car List + Stats'!C65 -> Bentley | C65: ='Detailed Car List + Stats'!D65 -> Continental GT Convertible | D65: ='Detailed Car List + Stats'!E65 -> GT Cars | E65: A 649 | F65: ='Detailed Car List + Stats'!G65 -> UK | G65: ='Detailed Car List + Stats'!H65 -> 170000 | H65: Rare | I65: ='Detailed Car List + Stats'!T65 -> Autoshow, Collection Journal, Wheelspin | J65: ='Detailed Car List + Stats'!U65
A66: ='Detailed Car List + Stats'!B66 -> 1973 | B66: ='Detailed Car List + Stats'!C66 -> BMW | C66: ='Detailed Car List + Stats'!D66 -> 2002 Turbo | D66: ='Detailed Car List + Stats'!E66 -> Classic Sports Cars | E66: C 424 | F66: ='Detailed Car List + Stats'!G66 -> Germany | G66: ='Detailed Car List + Stats'!H66 -> 127000 | H66: Legendary | I66: ='Detailed Car List + Stats'!T66 -> Autoshow, Wheelspin | J66: ='Detailed Car List + Stats'!U66
A67: ='Detailed Car List + Stats'!B67 -> 1995 | B67: ='Detailed Car List + Stats'!C67 -> BMW | C67: ='Detailed Car List + Stats'!D67 -> 850CSi | D67: ='Detailed Car List + Stats'!E67 -> Retro Sports Cars | E67: C 493 | F67: ='Detailed Car List + Stats'!G67 -> Germany | G67: ='Detailed Car List + Stats'!H67 -> 135000 | H67: Rare | I67: ='Detailed Car List + Stats'!T67 -> Autoshow, Wheelspin | J67: ='Detailed Car List + Stats'!U67
A68: ='Detailed Car List + Stats'!B68 -> 2015 | B68: ='Detailed Car List + Stats'!C68 -> BMW | C68: ='Detailed Car List + Stats'!D68 -> i8 | D68: ='Detailed Car List + Stats'!E68 -> Modern Sports Cars | E68: A 665 | F68: ='Detailed Car List + Stats'!G68 -> Germany | G68: ='Detailed Car List + Stats'!H68 -> 70000 | H68: Rare | I68: ='Detailed Car List + Stats'!T68 -> Autoshow, Wheelspin | J68: ='Detailed Car List + Stats'!U68
A69: ='Detailed Car List + Stats'!B69 -> 1957 | B69: ='Detailed Car List + Stats'!C69 -> BMW | C69: ='Detailed Car List + Stats'!D69 -> Isetta 300 Export | D69: ='Detailed Car List + Stats'!E69 -> Cult Cars | E69: D 100 | F69: ='Detailed Car List + Stats'!G69 -> Germany | G69: ='Detailed Car List + Stats'!H69 -> 84000 | H69: Common | I69: ='Detailed Car List + Stats'!T69 -> Autoshow, Wheelspin | J69: ='Detailed Car List + Stats'!U69
A70: ='Detailed Car List + Stats'!B70 -> 2022 | B70: ='Detailed Car List + Stats'!C70 -> BMW | C70: ='Detailed Car List + Stats'!D70 -> iX xDrive50 | D70: ='Detailed Car List + Stats'!E70 -> Sports Utility Heroes | E70: B 595 | F70: ='Detailed Car List + Stats'!G70 -> Germany | G70: ='Detailed Car List + Stats'!H70 -> 37000 | H70: Rare | I70: ='Detailed Car List + Stats'!T70 -> Autoshow, Wheelspin | J70: ='Detailed Car List + Stats'!U70
A71: ='Detailed Car List + Stats'!B71 -> 1981 | B71: ='Detailed Car List + Stats'!C71 -> BMW | C71: ='Detailed Car List + Stats'!D71 -> M1 | D71: ='Detailed Car List + Stats'!E71 -> Retro Supercars | E71: B 510 | F71: ='Detailed Car List + Stats'!G71 -> Germany | G71: ='Detailed Car List + Stats'!H71 -> 600000 | H71: Treasure Car | I71: ='Detailed Car List + Stats'!T71 -> Collection Journal | J71: ='Detailed Car List + Stats'!U71
A72: ='Detailed Car List + Stats'!B72 -> 2023 | B72: ='Detailed Car List + Stats'!C72 -> BMW | C72: ='Detailed Car List + Stats'!D72 -> M2 | D72: ='Detailed Car List + Stats'!E72 -> Modern Super Saloons | E72: A 647 | F72: ='Detailed Car List + Stats'!G72 -> Germany | G72: ='Detailed Car List + Stats'!H72 -> 67000 | H72: Rare | I72: ='Detailed Car List + Stats'!T72 -> Autoshow, Wheelspin | J72: ='Detailed Car List + Stats'!U72
A73: ='Detailed Car List + Stats'!B73 -> 2020 | B73: ='Detailed Car List + Stats'!C73 -> BMW | C73: ='Detailed Car List + Stats'!D73 -> M2 Competition Coupé | D73: ='Detailed Car List + Stats'!E73 -> Modern Super Saloons | E73: A 656 | F73: ='Detailed Car List + Stats'!G73 -> Germany | G73: ='Detailed Car List + Stats'!H73 -> 250000 | H73: Epic | I73: ='Detailed Car List + Stats'!T73 -> Wheelspin, Seasonal | J73: ='Detailed Car List + Stats'!U73
A74: ='Detailed Car List + Stats'!B74 -> 2023 | B74: ='Detailed Car List + Stats'!C74 -> BMW | C74: ='Detailed Car List + Stats'!D74 -> M2 Forza Edition | D74: ='Detailed Car List + Stats'!E74 -> Track Toys | E74: A 700 | F74: ='Detailed Car List + Stats'!G74 -> Germany | G74: ='Detailed Car List + Stats'!H74 | I74: ='Detailed Car List + Stats'!T74 -> Collection Journal, Seasonal | J74: ='Detailed Car List + Stats'!U74
A75: ='Detailed Car List + Stats'!B75 -> 1988 | B75: ='Detailed Car List + Stats'!C75 -> BMW | C75: ='Detailed Car List + Stats'!D75 -> M3 | D75: ='Detailed Car List + Stats'!E75 -> Retro Super Saloons | E75: C 474 | F75: ='Detailed Car List + Stats'!G75 -> Germany | G75: ='Detailed Car List + Stats'!H75 -> 250000 | H75: Rare | I75: ='Detailed Car List + Stats'!T75 -> Autoshow, Wheelspin | J75: ='Detailed Car List + Stats'!U75
A76: ='Detailed Car List + Stats'!B76 -> 1997 | B76: ='Detailed Car List + Stats'!C76 -> BMW | C76: ='Detailed Car List + Stats'!D76 -> M3 | D76: ='Detailed Car List + Stats'!E76 -> Retro Super Saloons | E76: B 549 | F76: ='Detailed Car List + Stats'!G76 -> Germany | G76: ='Detailed Car List + Stats'!H76 -> 30000 | H76: Common | I76: ='Detailed Car List + Stats'!T76 -> Autoshow, Wheelspin | J76: ='Detailed Car List + Stats'!U76
A77: ='Detailed Car List + Stats'!B77 -> 2005 | B77: ='Detailed Car List + Stats'!C77 -> BMW | C77: ='Detailed Car List + Stats'!D77 -> M3 | D77: ='Detailed Car List + Stats'!E77 -> Retro Super Saloons | E77: B 554 | F77: ='Detailed Car List + Stats'!G77 -> Germany | G77: ='Detailed Car List + Stats'!H77 -> 35000 | H77: Common | I77: ='Detailed Car List + Stats'!T77 -> Autoshow, Wheelspin | J77: ='Detailed Car List + Stats'!U77
A78: ='Detailed Car List + Stats'!B78 -> 2008 | B78: ='Detailed Car List + Stats'!C78 -> BMW | C78: ='Detailed Car List + Stats'!D78 -> M3 | D78: ='Detailed Car List + Stats'!E78 -> Modern Super Saloons | E78: A 608 | F78: ='Detailed Car List + Stats'!G78 -> Germany | G78: ='Detailed Car List + Stats'!H78 -> 43000 | H78: Common | I78: ='Detailed Car List + Stats'!T78 -> Autoshow, Wheelspin | J78: ='Detailed Car List + Stats'!U78
A79: ='Detailed Car List + Stats'!B79 -> 2010 | B79: ='Detailed Car List + Stats'!C79 -> BMW | C79: ='Detailed Car List + Stats'!D79 -> M3 GTS | D79: ='Detailed Car List + Stats'!E79 -> Track Toys | E79: A 678 | F79: ='Detailed Car List + Stats'!G79 -> Germany | G79: ='Detailed Car List + Stats'!H79 -> 198000 | H79: Epic | I79: ='Detailed Car List + Stats'!T79 -> Autoshow, Wheelspin | J79: ='Detailed Car List + Stats'!U79
A80: ='Detailed Car List + Stats'!B80 -> 2021 | B80: ='Detailed Car List + Stats'!C80 -> BMW | C80: ='Detailed Car List + Stats'!D80 -> M4 Competition Coupé | D80: ='Detailed Car List + Stats'!E80 -> Modern Super Saloons | E80: A 666 | F80: ='Detailed Car List + Stats'!G80 -> Germany | G80: ='Detailed Car List + Stats'!H80 -> 64000 | H80: Rare | I80: ='Detailed Car List + Stats'!T80 -> Autoshow, Wheelspin | J80: ='Detailed Car List + Stats'!U80
A81: ='Detailed Car List + Stats'!B81 -> 2021 | B81: ='Detailed Car List + Stats'!C81 -> BMW | C81: ='Detailed Car List + Stats'!D81 -> M4 Competition Coupé Welcome Pack | D81: ='Detailed Car List + Stats'!E81 -> Modern Super Saloons | E81: S1 800 | F81: ='Detailed Car List + Stats'!G81 -> Germany | G81: ='Detailed Car List + Stats'!H81 -> 150000 | H81: Legendary | I81: ='Detailed Car List + Stats'!T81 -> Autoshow DLC | J81: ='Detailed Car List + Stats'!U81 -> Welcome Pack
A82: ='Detailed Car List + Stats'!B82 -> 2014 | B82: ='Detailed Car List + Stats'!C82 -> BMW | C82: ='Detailed Car List + Stats'!D82 -> M4 Coupé | D82: ='Detailed Car List + Stats'!E82 -> Modern Super Saloons | E82: A 679 | F82: ='Detailed Car List + Stats'!G82 -> Germany | G82: ='Detailed Car List + Stats'!H82 -> 55000 | H82: Rare | I82: ='Detailed Car List + Stats'!T82 -> Autoshow, Wheelspin | J82: ='Detailed Car List + Stats'!U82
A83: ='Detailed Car List + Stats'!B83 -> 2016 | B83: ='Detailed Car List + Stats'!C83 -> BMW | C83: ='Detailed Car List + Stats'!D83 -> M4 GTS | D83: ='Detailed Car List + Stats'!E83 -> Track Toys | E83: S1 711 | F83: ='Detailed Car List + Stats'!G83 -> Germany | G83: ='Detailed Car List + Stats'!H83 -> 125000 | H83: Epic | I83: ='Detailed Car List + Stats'!T83 -> Autoshow, Wheelspin | J83: ='Detailed Car List + Stats'!U83
A84: ='Detailed Car List + Stats'!B84 -> 1988 | B84: ='Detailed Car List + Stats'!C84 -> BMW | C84: ='Detailed Car List + Stats'!D84 -> M5 | D84: ='Detailed Car List + Stats'!E84 -> Retro Super Saloons | E84: C 470 | F84: ='Detailed Car List + Stats'!G84 -> Germany | G84: ='Detailed Car List + Stats'!H84 -> 70000 | H84: Rare | I84: ='Detailed Car List + Stats'!T84 -> Autoshow, Wheelspin | J84: ='Detailed Car List + Stats'!U84
A85: ='Detailed Car List + Stats'!B85 -> 1995 | B85: ='Detailed Car List + Stats'!C85 -> BMW | C85: ='Detailed Car List + Stats'!D85 -> M5 | D85: ='Detailed Car List + Stats'!E85 -> Retro Super Saloons | E85: B 516 | F85: ='Detailed Car List + Stats'!G85 -> Germany | G85: ='Detailed Car List + Stats'!H85 -> 48000 | H85: Rare | I85: ='Detailed Car List + Stats'!T85 -> Autoshow, Wheelspin | J85: ='Detailed Car List + Stats'!U85
A86: ='Detailed Car List + Stats'!B86 -> 2003 | B86: ='Detailed Car List + Stats'!C86 -> BMW | C86: ='Detailed Car List + Stats'!D86 -> M5 | D86: ='Detailed Car List + Stats'!E86 -> Retro Super Saloons | E86: B 580 | F86: ='Detailed Car List + Stats'!G86 -> Germany | G86: ='Detailed Car List + Stats'!H86 -> 47000 | H86: Common | I86: ='Detailed Car List + Stats'!T86 -> Autoshow, Wheelspin | J86: ='Detailed Car List + Stats'!U86
... A101: ='Detailed Car List + Stats'!B101 -> 2018 | B101: ='Detailed Car List + Stats'!C101 -> Can-Am | C101: ='Detailed Car List + Stats'!D101 -> Maverick X RS Turbo R | D101: ='Detailed Car List + Stats'!E101 -> UTVs | E101: B 568 | F101: ='Detailed Car List + Stats'!G101 -> Canada | G101: ='Detailed Car List + Stats'!H101 -> 16000 | H101: Common | I101: ='Detailed Car List + Stats'!T101 -> Autoshow, Wheelspin | J101: ='Detailed Car List + Stats'!U101
A102: ='Detailed Car List + Stats'!B102 -> 2019 | B102: ='Detailed Car List + Stats'!C102 -> Casey Currie Motorsports | C102: ='Detailed Car List + Stats'!D102 -> #4402 Ultra 4 'Trophy Jeep' | D102: ='Detailed Car List + Stats'!E102 -> Unlimited Offroad | E102: A 641 | F102: ='Detailed Car List + Stats'!G102 -> USA | G102: ='Detailed Car List + Stats'!H102 | I102: ='Detailed Car List + Stats'!T102 -> Wheelspin, Seasonal | J102: ='Detailed Car List + Stats'!U102
A103: ='Detailed Car List + Stats'!B103 -> 1955 | B103: ='Detailed Car List + Stats'!C103 -> Chevrolet | C103: ='Detailed Car List + Stats'!D103 -> 150 Utility Sedan | D103: ='Detailed Car List + Stats'!E103 -> Rods & Customs | E103: D 221 | F103: ='Detailed Car List + Stats'!G103 -> USA | G103: ='Detailed Car List + Stats'!H103 -> 140000 | H103: Common | I103: ='Detailed Car List + Stats'!T103 -> Autoshow, Wheelspin | J103: ='Detailed Car List + Stats'!U103
A104: ='Detailed Car List + Stats'!B104 -> 1957 | B104: ='Detailed Car List + Stats'!C104 -> Chevrolet | C104: ='Detailed Car List + Stats'!D104 -> Bel Air | D104: ='Detailed Car List + Stats'!E104 -> Rods & Customs | E104: D 320 | F104: ='Detailed Car List + Stats'!G104 -> USA | G104: ='Detailed Car List + Stats'!H104 -> 69000 | H104: Rare | I104: ='Detailed Car List + Stats'!T104 -> Autoshow, Wheelspin | J104: ='Detailed Car List + Stats'!U104
A105: ='Detailed Car List + Stats'!B105 -> 1969 | B105: ='Detailed Car List + Stats'!C105 -> Chevrolet | C105: ='Detailed Car List + Stats'!D105 -> Camaro Super Sport Coupe | D105: ='Detailed Car List + Stats'!E105 -> Classic Muscle | E105: C 471 | F105: ='Detailed Car List + Stats'!G105 -> USA | G105: ='Detailed Car List + Stats'!H105 -> 75000 | H105: Rare | I105: ='Detailed Car List + Stats'!T105 -> Autoshow, Wheelspin | J105: ='Detailed Car List + Stats'!U105
A106: ='Detailed Car List + Stats'!B106 -> 2015 | B106: ='Detailed Car List + Stats'!C106 -> Chevrolet | C106: ='Detailed Car List + Stats'!D106 -> Camaro Z/28 | D106: ='Detailed Car List + Stats'!E106 -> Track Toys | E106: A 695 | F106: ='Detailed Car List + Stats'!G106 -> USA | G106: ='Detailed Car List + Stats'!H106 -> 65000 | H106: Rare | I106: ='Detailed Car List + Stats'!T106 -> Autoshow, Wheelspin | J106: ='Detailed Car List + Stats'!U106
A107: ='Detailed Car List + Stats'!B107 -> 1970 | B107: ='Detailed Car List + Stats'!C107 -> Chevrolet | C107: ='Detailed Car List + Stats'!D107 -> Camaro Z28 | D107: ='Detailed Car List + Stats'!E107 -> Classic Muscle | E107: C 430 | F107: ='Detailed Car List + Stats'!G107 -> USA | G107: ='Detailed Car List + Stats'!H107 -> 55000 | H107: Rare | I107: ='Detailed Car List + Stats'!T107 -> Autoshow, Wheelspin | J107: ='Detailed Car List + Stats'!U107
A108: ='Detailed Car List + Stats'!B108 -> 1979 | B108: ='Detailed Car List + Stats'!C108 -> Chevrolet | C108: ='Detailed Car List + Stats'!D108 -> Camaro Z28 | D108: ='Detailed Car List + Stats'!E108 -> Classic Muscle | E108: D 364 | F108: ='Detailed Car List + Stats'!G108 -> USA | G108: ='Detailed Car List + Stats'!H108 -> 20000 | H108: Rare | I108: ='Detailed Car List + Stats'!T108 -> Autoshow, Wheelspin | J108: ='Detailed Car List + Stats'!U108
A109: ='Detailed Car List + Stats'!B109 -> 2017 | B109: ='Detailed Car List + Stats'!C109 -> Chevrolet | C109: ='Detailed Car List + Stats'!D109 -> Camaro ZL1 | D109: ='Detailed Car List + Stats'!E109 -> Modern Muscle | E109: S1 727 | F109: ='Detailed Car List + Stats'!G109 -> USA | G109: ='Detailed Car List + Stats'!H109 -> 55000 | H109: Rare | I109: ='Detailed Car List + Stats'!T109 -> Autoshow, Wheelspin | J109: ='Detailed Car List + Stats'!U109
A110: ='Detailed Car List + Stats'!B110 -> 2024 | B110: ='Detailed Car List + Stats'!C110 -> Chevrolet | C110: ='Detailed Car List + Stats'!D110 -> Camaro ZL1 | D110: ='Detailed Car List + Stats'!E110 -> Modern Muscle | E110: S1 718 | F110: ='Detailed Car List + Stats'!G110 -> USA | G110: ='Detailed Car List + Stats'!H110 | I110: ='Detailed Car List + Stats'!T110 -> Seasonal | J110: ='Detailed Car List + Stats'!U110
A111: ='Detailed Car List + Stats'!B111 -> 2018 | B111: ='Detailed Car List + Stats'!C111 -> Chevrolet | C111: ='Detailed Car List + Stats'!D111 -> Camaro ZL1 1LE | D111: ='Detailed Car List + Stats'!E111 -> Track Toys | E111: S1 728 | F111: ='Detailed Car List + Stats'!G111 -> USA | G111: ='Detailed Car List + Stats'!H111 -> 70000 | H111: Rare | I111: ='Detailed Car List + Stats'!T111 -> Autoshow, Wheelspin | J111: ='Detailed Car List + Stats'!U111
A112: ='Detailed Car List + Stats'!B112 -> 1970 | B112: ='Detailed Car List + Stats'!C112 -> Chevrolet | C112: ='Detailed Car List + Stats'!D112 -> Chevelle Super Sport 454 | D112: ='Detailed Car List + Stats'!E112 -> Classic Muscle | E112: C 424 | F112: ='Detailed Car List + Stats'!G112 -> USA | G112: ='Detailed Car List + Stats'!H112 -> 90000 | H112: Rare | I112: ='Detailed Car List + Stats'!T112 -> Autoshow, Wheelspin | J112: ='Detailed Car List + Stats'!U112
A113: ='Detailed Car List + Stats'!B113 -> 1953 | B113: ='Detailed Car List + Stats'!C113 -> Chevrolet | C113: ='Detailed Car List + Stats'!D113 -> Corvette | D113: ='Detailed Car List + Stats'!E113 -> Classic Sports Cars | E113: D 270 | F113: ='Detailed Car List + Stats'!G113 -> USA | G113: ='Detailed Car List + Stats'!H113 -> 269000 | H113: Legendary | I113: ='Detailed Car List + Stats'!T113 -> Autoshow, Wheelspin | J113: ='Detailed Car List + Stats'!U113
A114: ='Detailed Car List + Stats'!B114 -> 1960 | B114: ='Detailed Car List + Stats'!C114 -> Chevrolet | C114: ='Detailed Car List + Stats'!D114 -> Corvette | D114: ='Detailed Car List + Stats'!E114 -> Classic Sports Cars | E114: C 428 | F114: ='Detailed Car List + Stats'!G114 -> USA | G114: ='Detailed Car List + Stats'!H114 | I114: ='Detailed Car List + Stats'!T114 -> Wheelspin, Seasonal | J114: ='Detailed Car List + Stats'!U114
A115: ='Detailed Car List + Stats'!B115 -> 2024 | B115: ='Detailed Car List + Stats'!C115 -> Chevrolet | C115: ='Detailed Car List + Stats'!D115 -> Corvette E-Ray | D115: ='Detailed Car List + Stats'!E115 -> Modern Supercars | E115: S1 737 | F115: ='Detailed Car List + Stats'!G115 -> USA | G115: ='Detailed Car List + Stats'!H115 -> 114000 | H115: Epic | I115: ='Detailed Car List + Stats'!T115 -> Autoshow, Wheelspin, Loyalty | J115: ='Detailed Car List + Stats'!U115
A116: ='Detailed Car List + Stats'!B116 -> 1967 | B116: ='Detailed Car List + Stats'!C116 -> Chevrolet | C116: ='Detailed Car List + Stats'!D116 -> Corvette Stingray 427 | D116: ='Detailed Car List + Stats'!E116 -> Classic Muscle | E116: B 510 | F116: ='Detailed Car List + Stats'!G116 -> USA | G116: ='Detailed Car List + Stats'!H116 | I116: ='Detailed Car List + Stats'!T116 -> Collection Journal, Seasonal | J116: ='Detailed Car List + Stats'!U116
A117: ='Detailed Car List + Stats'!B117 -> 2020 | B117: ='Detailed Car List + Stats'!C117 -> Chevrolet | C117: ='Detailed Car List + Stats'!D117 -> Corvette Stingray Coupe | D117: ='Detailed Car List + Stats'!E117 -> Modern Supercars | E117: A 700 | F117: ='Detailed Car List + Stats'!G117 -> USA | G117: ='Detailed Car List + Stats'!H117 -> 65000 | H117: Rare | I117: ='Detailed Car List + Stats'!T117 -> Autoshow, Wheelspin | J117: ='Detailed Car List + Stats'!U117
A118: ='Detailed Car List + Stats'!B118 -> 2002 | B118: ='Detailed Car List + Stats'!C118 -> Chevrolet | C118: ='Detailed Car List + Stats'!D118 -> Corvette Z06 | D118: ='Detailed Car List + Stats'!E118 -> Retro Muscle | E118: A 602 | F118: ='Detailed Car List + Stats'!G118 -> USA | G118: ='Detailed Car List + Stats'!H118 -> 33000 | H118: Common | I118: ='Detailed Car List + Stats'!T118 -> Autoshow, Wheelspin | J118: ='Detailed Car List + Stats'!U118
A119: ='Detailed Car List + Stats'!B119 -> 2015 | B119: ='Detailed Car List + Stats'!C119 -> Chevrolet | C119: ='Detailed Car List + Stats'!D119 -> Corvette Z06 | D119: ='Detailed Car List + Stats'!E119 -> Modern Muscle | E119: S1 755 | F119: ='Detailed Car List + Stats'!G119 -> USA | G119: ='Detailed Car List + Stats'!H119 -> 100000 | H119: Rare | I119: ='Detailed Car List + Stats'!T119 -> Autoshow, Wheelspin | J119: ='Detailed Car List + Stats'!U119
...

Sheet Detailed Car List + Stats
A1: Owned? | B1: Year | C1: Make | D1: Model | E1: Type | F1: Class | G1: Country | H1: Value (Cr) | I1: Rarity | J1: Power (HP) | K1: Torque (ft-lbs) | L1: Weight (lbs) | M1: Balance (F) | N1: Displacement (L) | O1: Drivetrain | P1: Engine Pos. | Q1: Pounds Per HP | R1: Balance Penalty | S1: Weight Index | T1: Source | U1: Source Info
A2: FALSE | B2: 2017 | C2: Abarth | D2: 124 Spider | E2: Modern Sports Cars | F2: C 450 | G2: Italy | H2: 250000 | I2: Rare | J2: 165 | K2: 184 | L2: 2477 | M2: 0.54 | N2: 1.37 | O2: Rear | P2: Front | Q2: =L2/J2 -> 15.012121 | R2: =0+((ABS(0.5-M2)*1)) -> 0.04 | S2: =Q2*(R2+1) -> 15.612606 | T2: Seasonal
A3: FALSE | B3: 1968 | C3: Abarth | D3: 595 Esseesse | E3: Cult Cars | F3: D 100 | G3: Italy | H3: 25000 | I3: Common | J3: 28 | K3: 34 | L3: 1257 | M3: 0.42 | N3: 0.59 | O3: Rear | P3: Rear | Q3: =L3/J3 -> 44.892857 | R3: =0+((ABS(0.5-M3)*1)) -> 0.08 | S3: =Q3*(R3+1) -> 48.484286 | T3: Autoshow, Wheelspin
A4: FALSE | B4: 2016 | C4: Abarth | D4: 695 Biposto | E4: Hot Hatch | F4: B 540 | G4: Italy | H4: 250000 | I4: Common | T4: Seasonal
A5: FALSE | B5: 1980 | C5: Abarth | D5: Fiat 131 | E5: Classic Rally | F5: D 399 | G5: Italy | H5: 125000 | I5: Common | J5: 140 | K5: 130 | L5: 2161 | M5: 0.54 | N5: 2 | O5: Rear | P5: Front | Q5: =L5/J5 -> 15.435714 | R5: =0+((ABS(0.5-M5)*1)) -> 0.04 | S5: =Q5*(R5+1) -> 16.053143 | T5: Autoshow, Wheelspin
A6: FALSE | B6: 2023 | C6: Acura | D6: Integra A-Spec | E6: Hot Hatch | F6: C 484 | G6: USA | H6: 36000 | I6: Rare | J6: 200 | K6: 192 | L6: 3073 | M6: 0.6 | N6: 1.5 | O6: Front | P6: Front | Q6: =L6/J6 -> 15.365 | R6: =0+((ABS(0.5-M6)*1)) -> 0.1 | S6: =Q6*(R6+1) -> 16.9015 | T6: Autoshow, Wheelspin
A7: FALSE | B7: 2001 | C7: Acura | D7: Integra Type R | E7: Retro Hot Hatch | F7: C 471 | G7: USA | H7: 65000 | I7: Common | J7: 195 | K7: 130 | L7: 2639 | M7: 0.62 | N7: 1.8 | O7: Front | P7: Front | Q7: =L7/J7 -> 13.533333 | R7: =0+((ABS(0.5-M7)*1)) -> 0.12 | S7: =Q7*(R7+1) -> 15.157333 | T7: Autoshow, Wheelspin
A8: FALSE | B8: 2022 | C8: Acura | D8: NSX Type S | E8: Modern Supercars | F8: S1 734 | G8: USA | H8: 193000 | I8: Epic | T8: Seasonal
A9: FALSE | B9: 2002 | C9: Acura | D9: RSX Type S | E9: Retro Hot Hatch | F9: C 462 | G9: USA | H9: 18000 | I9: Common | J9: 200 | K9: 142 | L9: 2820 | M9: 0.61 | N9: 2 | O9: Front | P9: Front | Q9: =L9/J9 -> 14.1 | R9: =0+((ABS(0.5-M9)*1)) -> 0.11 | S9: =Q9*(R9+1) -> 15.651 | T9: Autoshow, Wheelspin
A10: FALSE | B10: 1992 | C10: Alfa Romeo | D10: 155 Q4 | E10: Retro Super Saloons | F10: C 439 | G10: Italy | H10: 30000 | I10: Epic | J10: 187 | K10: 219 | L10: 3186 | M10: 0.61 | N10: 2 | O10: All | P10: Front | Q10: =L10/J10 -> 17.037433 | R10: =0+((ABS(0.5-M10)*1)) -> 0.11 | S10: =Q10*(R10+1) -> 18.911551 | T10: Autoshow
A11: FALSE | B11: 1968 | C11: Alfa Romeo | D11: 33 Stradale | E11: Classic Racers | F11: B 593 | G11: Italy | H11: 3500000 | I11: Legendary | J11: 245 | K11: 148 | L11: 1543 | M11: 0.4 | N11: 2 | O11: Rear | P11: Mid | Q11: =L11/J11 -> 6.2979592 | R11: =0+((ABS(0.5-M11)*1)) -> 0.1 | S11: =Q11*(R11+1) -> 6.9277551 | T11: Autoshow, Wheelspin
A12: FALSE | B12: 2014 | C12: Alfa Romeo | D12: 4C | E12: Modern Sports Cars | F12: A 644 | G12: Italy | H12: 73000 | I12: Epic | J12: 240 | K12: 238 | L12: 2072 | M12: 0.41 | N12: 1.74 | O12: Rear | P12: Mid | Q12: =L12/J12 -> 8.6333333 | R12: =0+((ABS(0.5-M12)*1)) -> 0.09 | S12: =Q12*(R12+1) -> 9.4103333 | T12: Autoshow
A13: FALSE | B13: 2007 | C13: Alfa Romeo | D13: 8C Competizione | E13: GT Cars | F13: A 635 | G13: Italy | H13: 312000 | I13: Epic | J13: 450 | K13: 354 | L13: 3495 | M13: 0.49 | N13: 4.69 | O13: Rear | P13: Front | Q13: =L13/J13 -> 7.7666667 | R13: =0+((ABS(0.5-M13)*1)) -> 0.01 | S13: =Q13*(R13+1) -> 7.8443333 | T13: Autoshow, Wheelspin
A14: FALSE | B14: 1968 | C14: Alfa Romeo | D14: Autodelta Tipo 33/2 Daytona | E14: Classic Racers | F14: A 696 | G14: Italy | J14: 270 | K14: 160 | L14: 1529 | M14: 0.46 | N14: 2 | O14: Rear | P14: Mid | Q14: =L14/J14 -> 5.662963 | R14: =0+((ABS(0.5-M14)*1)) -> 0.04 | S14: =Q14*(R14+1) -> 5.8894815 | T14: Autoshow DLC | U14: Car Pass
A15: FALSE | B15: 2021 | C15: Alfa Romeo | D15: Giulia GTAm | E15: Modern Super Saloons | F15: S1 711 | G15: Italy | H15: 225000 | I15: Rare | J15: 540 | K15: 442 | L15: 3483 | M15: 0.54 | N15: 2.89 | O15: Rear | P15: Front | Q15: =L15/J15 -> 6.45 | R15: =0+((ABS(0.5-M15)*1)) -> 0.04 | S15: =Q15*(R15+1) -> 6.708 | T15: Autoshow DLC | U15: Italian Passion Car Pack
A16: FALSE | B16: 2017 | C16: Alfa Romeo | D16: Giulia Quadrifoglio | E16: Modern Super Saloons | F16: A 667 | G16: Italy | H16: 45000 | I16: Rare | J16: 506 | K16: 442 | L16: 3749 | M16: 0.5 | N16: 2.89 | O16: Rear | P16: Front | Q16: =L16/J16 -> 7.4090909 | R16: =0+((ABS(0.5-M16)*1)) -> 0 | S16: =Q16*(R16+1) -> 7.4090909 | T16: Autoshow, Wheelspin
A17: FALSE | B17: 1965 | C17: Alfa Romeo | D17: Giulia Sprint GTA Stradale | E17: Rare Classics | F17: D 379 | G17: Italy | H17: 343000 | I17: Rare | J17: 115 | K17: 105 | L17: 1676 | M17: 0.54 | N17: 1.57 | O17: Rear | P17: Front | Q17: =L17/J17 -> 14.573913 | R17: =0+((ABS(0.5-M17)*1)) -> 0.04 | S17: =Q17*(R17+1) -> 15.15687 | T17: Autoshow, Wheelspin
A18: FALSE | B18: 1965 | C18: Alfa Romeo | D18: Giulia TZ2 | E18: Classic Racers | F18: B 532 | G18: Italy | T18: Collection Journal, Seasonal
A19: FALSE | B19: 1990 | C19: Alfa Romeo | D19: SE 048SP | E19: Retro Racers | F19: R 978 | G19: Italy | H19: 1000000 | I19: Legendary | J19: 680 | K19: 320 | L19: 1819 | M19: 0.46 | N19: 3.5 | O19: Rear | P19: Mid | Q19: =L19/J19 -> 2.675 | R19: =0+((ABS(0.5-M19)*1)) -> 0.04 | S19: =Q19*(R19+1) -> 2.782 | T19: Autoshow DLC | U19: Italian Passion Car Pack
A20: FALSE | B20: 2021 | C20: Alumicraft | D20: #122 Class 1 Buggy | E20: Unlimited Buggies | F20: B 571 | G20: USA | H20: 160000 | I20: Epic | J20: 495 | K20: 450 | L20: 3750 | M20: 0.38 | N20: 6.16 | O20: Rear | P20: Rear | Q20: =L20/J20 -> 7.5757576 | R20: =0+((ABS(0.5-M20)*1)) -> 0.12 | S20: =Q20*(R20+1) -> 8.4848485 | T20: Autoshow, Wheelspin
A21: FALSE | B21: 2022 | C21: Alumicraft | D21: #6165 Trick Truck | E21: Unlimited Offroad | F21: C 485 | G21: USA | H21: 300000 | I21: Epic | J21: 430 | K21: 430 | L21: 5750 | M21: 0.47 | N21: 6.16 | O21: Rear | P21: Front | Q21: =L21/J21 -> 13.372093 | R21: =0+((ABS(0.5-M21)*1)) -> 0.03 | S21: =Q21*(R21+1) -> 13.773256 | T21: Autoshow, Wheelspin
A22: FALSE | B22: 2015 | C22: Alumicraft | D22: Class 10 Race Car | E22: Unlimited Buggies | F22: B 532 | G22: USA | H22: 45000 | I22: Epic | J22: 195 | K22: 190 | L22: 2200 | M22: 0.45 | N22: 2.38 | O22: Rear | P22: Rear | Q22: =L22/J22 -> 11.282051 | R22: =0+((ABS(0.5-M22)*1)) -> 0.05 | S22: =Q22*(R22+1) -> 11.846154 | T22: Autoshow, Wheelspin
A23: FALSE | B23: 2554 | C23: AMG Transport Dynamics | D23: M12S Warthog CST | E23: Unlimited Offroad | F23: A 663 | G23: USA | H23: 850000 | I23: Legendary | J23: 965 | K23: 905 | L23: 5071 | M23: 0.54 | N23: 8 | O23: All | P23: Front | Q23: =L23/J23 -> 5.2549223 | R23: =0+((ABS(0.5-M23)*1)) -> 0.04 | S23: =Q23*(R23+1) -> 5.4651192 | T23: Autoshow, Collection Journal
A24: FALSE | B24: 2019 | C24: Apollo | D24: Intensa Emozione | E24: Extreme Track Toys | F24: R 916 | G24: Germany | T24: Wheelspin, Seasonal
A25: FALSE | B25: 2013 | C25: Ariel | D25: Atom 500 V8 | E25: Extreme Track Toys | F25: S2 825 | G25: UK | H25: 190000 | I25: Epic | J25: 475 | K25: 268 | L25: 1433 | M25: 0.36 | N25: 2.97 | O25: Rear | P25: Mid | Q25: =L25/J25 -> 3.0168421 | R25: =0+((ABS(0.5-M25)*1)) -> 0.14 | S25: =Q25*(R25+1) -> 3.4392 | T25: Autoshow, Wheelspin
A26: FALSE | B26: 2016 | C26: Ariel | D26: Nomad | E26: Unlimited Buggies | F26: A 601 | G26: UK | H26: 54000 | I26: Rare | J26: 235 | K26: 221 | L26: 1477 | M26: 0.38 | N26: 2.35 | O26: Rear | P26: Rear | Q26: =L26/J26 -> 6.2851064 | R26: =0+((ABS(0.5-M26)*1)) -> 0.12 | S26: =Q26*(R26+1) -> 7.0393191 | T26: Autoshow, Collection Journal, Wheelspin
A27: FALSE | B27: 2017 | C27: Aston Martin | D27: DB11 | E27: Super GT | F27: A 679 | G27: UK | H27: 175000 | I27: Epic | J27: 608 | K27: 516 | L27: 4134 | M27: 0.51 | N27: 5.2 | O27: Rear | P27: Front | Q27: =L27/J27 -> 6.7993421 | R27: =0+((ABS(0.5-M27)*1)) -> 0.01 | S27: =Q27*(R27+1) -> 6.8673355 | T27: Autoshow, Wheelspin
A28: FALSE | B28: 1964 | C28: Aston Martin | D28: DB5 | E28: Rare Classics | F28: C 416 | G28: UK | H28: 500000 | I28: Epic | J28: 282 | K28: 282 | L28: 3230 | M28: 0.51 | N28: 4 | O28: Rear | P28: Front | Q28: =L28/J28 -> 11.453901 | R28: =0+((ABS(0.5-M28)*1)) -> 0.01 | S28: =Q28*(R28+1) -> 11.56844 | T28: Autoshow
A29: FALSE | B29: 2003 | C29: Aston Martin | D29: DB7 GT | E29: Retro Sports Cars | F29: B 566 | G29: UK | H29: 80000 | I29: Rare | J29: 435 | K29: 410 | L29: 3968 | M29: 0.55 | N29: 5.94 | O29: Rear | P29: Front | Q29: =L29/J29 -> 9.1218391 | R29: =0+((ABS(0.5-M29)*1)) -> 0.05 | S29: =Q29*(R29+1) -> 9.577931 | T29: Autoshow DLC | U29: Car Pass
A30: FALSE | B30: 2019 | C30: Aston Martin | D30: DBS Superleggera | E30: Super GT | F30: S1 736 | G30: UK | T30: Wheelspin, Seasonal
A31: FALSE | B31: 2021 | C31: Aston Martin | D31: DBX | E31: Sports Utility Heroes | F31: A 618 | G31: UK | H31: 250000 | I31: Rare | T31: Seasonal
A32: FALSE | B32: 2019 | C32: Aston Martin | D32: Valhalla Concept Car | E32: Hypercars | F32: R 960 | G32: UK | T32: Wheelspin, Seasonal
A33: FALSE | B33: 2023 | C33: Aston Martin | D33: Valkyrie | E33: Hypercars | F33: R 924 | G33: UK | H33: 2750000 | I33: Legendary | J33: 1140 | K33: 663 | L33: 2976 | M33: 0.4 | N33: 6.5 | O33: Rear | P33: Mid | Q33: =L33/J33 -> 2.6105263 | R33: =0+((ABS(0.5-M33)*1)) -> 0.1 | S33: =Q33*(R33+1) -> 2.8715789 | T33: Autoshow, Wheelspin
A34: FALSE | B34: 2022 | C34: Aston Martin | D34: Valkyrie AMR Pro | E34: Extreme Track Toys | F34: R 989 | G34: UK | H34: 4200000 | I34: Legendary | J34: 1000 | K34: 545 | L34: 2370 | M34: 0.42 | N34: 6.5 | O34: Rear | P34: Mid | Q34: =L34/J34 -> 2.37 | R34: =0+((ABS(0.5-M34)*1)) -> 0.08 | S34: =Q34*(R34+1) -> 2.5596 | T34: Autoshow, Collection Journal, Wheelspin
A35: FALSE | B35: 2019 | C35: Aston Martin | D35: Vantage | E35: GT Cars | F35: A 696 | G35: UK | H35: 250000 | I35: Epic | J35: 503 | K35: 505 | L35: 3497 | M35: 0.5 | N35: 3.98 | O35: Rear | P35: Front | Q35: =L35/J35 -> 6.9522863 | R35: =0+((ABS(0.5-M35)*1)) -> 0 | S35: =Q35*(R35+1) -> 6.9522863 | T35: Autoshow
A36: FALSE | B36: 2016 | C36: Aston Martin | D36: Vulcan | E36: Extreme Track Toys | F36: S2 884 | G36: UK | H36: 2300000 | I36: Legendary | J36: 820 | K36: 590 | L36: 2998 | M36: 0.54 | N36: 6.95 | O36: Rear | P36: Front | Q36: =L36/J36 -> 3.6560976 | R36: =0+((ABS(0.5-M36)*1)) -> 0.04 | S36: =Q36*(R36+1) -> 3.8023415 | T36: Autoshow, Wheelspin, Loyalty
A37: FALSE | B37: 2017 | C37: Aston Martin | D37: Vulcan AMR Pro | E37: Extreme Track Toys | F37: S2 898 | G37: UK | H37: 3000000 | I37: Legendary | J37: 820 | K37: 590 | L37: 2998 | M37: 0.54 | N37: 6.95 | O37: Rear | P37: Front | Q37: =L37/J37 -> 3.6560976 | R37: =0+((ABS(0.5-M37)*1)) -> 0.04 | S37: =Q37*(R37+1) -> 3.8023415 | T37: Autoshow, Wheelspin
A38: FALSE | B38: 1986 | C38: Audi | D38: #2 Audi Sport Quattro S1 | E38: Rally Monsters | F38: S1 726 | G38: Germany | H38: 750000 | I38: Legendary | J38: 469 | K38: 354 | L38: 2403 | M38: 0.52 | N38: 2.11 | O38: All | P38: Front | Q38: =L38/J38 -> 5.1236674 | R38: =0+((ABS(0.5-M38)*1)) -> 0.02 | S38: =Q38*(R38+1) -> 5.2261407 | T38: Autoshow, Wheelspin
A39: FALSE | B39: 2023 | C39: Audi | D39: R8 Coupé V10 GT RWD | E39: Modern Supercars | F39: S1 769 | G39: Germany | H39: 250000 | I39: Epic | J39: 611 | K39: 416 | L39: 3516 | M39: 0.4 | N39: 5.2 | O39: Rear | P39: Mid | Q39: =L39/J39 -> 5.7545008 | R39: =0+((ABS(0.5-M39)*1)) -> 0.1 | S39: =Q39*(R39+1) -> 6.3299509 | T39: Autoshow DLC | U39: Car Pass
A40: FALSE | B40: 2013 | C40: Audi | D40: R8 Coupé V10 Plus 5.2 FSI Quattro | E40: Modern Supercars | F40: A 694 | G40: Germany | T40: Collection Journal, Seasonal
A41: FALSE | B41: 2009 | C41: Audi | D41: R8 LMS | E41: Extreme Track Toys | F41: S2 810 | G41: Germany | H41: 900000 | I41: Rare | J41: 643 | K41: 375 | L41: 3064 | M41: 0.42 | N41: 5.2 | O41: Rear | P41: Mid | Q41: =L41/J41 -> 4.7651633 | R41: =0+((ABS(0.5-M41)*1)) -> 0.08 | S41: =Q41*(R41+1) -> 5.1463764 | T41: Autoshow, Wheelspin
A42: FALSE | B42: 2020 | C42: Audi | D42: R8 V10 Performance | E42: Modern Supercars | F42: S1 738 | G42: Germany | H42: 281000 | I42: Rare | J42: 602 | K42: 413 | L42: 3638 | M42: 0.41 | N42: 5.2 | O42: All | P42: Mid | Q42: =L42/J42 -> 6.0431894 | R42: =0+((ABS(0.5-M42)*1)) -> 0.09 | S42: =Q42*(R42+1) -> 6.5870764 | T42: Autoshow, Wheelspin
A43: FALSE | B43: 2016 | C43: Audi | D43: R8 V10 Plus | E43: Modern Supercars | F43: S1 731 | G43: Germany | H43: 160000 | I43: Epic | J43: 602 | K43: 413 | L43: 3428 | M43: 0.44 | N43: 5.2 | O43: All | P43: Mid | Q43: =L43/J43 -> 5.6943522 | R43: =0+((ABS(0.5-M43)*1)) -> 0.06 | S43: =Q43*(R43+1) -> 6.0360133 | T43: Autoshow, Wheelspin
A44: FALSE | B44: 2020 | C44: Audi | D44: RS 3 Sedan | E44: Modern Super Saloons | F44: A 617 | G44: Germany | H44: 52000 | I44: Rare | J44: 394 | K44: 354 | L44: 3593 | M44: 0.58 | N44: 2.48 | O44: All | P44: Front | Q44: =L44/J44 -> 9.1192893 | R44: =0+((ABS(0.5-M44)*1)) -> 0.08 | S44: =Q44*(R44+1) -> 9.8488325 | T44: Autoshow, Wheelspin
A45: FALSE | B45: 2011 | C45: Audi | D45: RS 3 Sportback | E45: Super Hot Hatch | F45: B 565 | G45: Germany | H45: 20000 | I45: Common | J45: 335 | K45: 332 | L45: 3472 | M45: 0.6 | N45: 2.48 | O45: All | P45: Front | Q45: =L45/J45 -> 10.364179 | R45: =0+((ABS(0.5-M45)*1)) -> 0.1 | S45: =Q45*(R45+1) -> 11.400597 | T45: Autoshow, Wheelspin
A46: FALSE | B46: 2006 | C46: Audi | D46: RS 4 | E46: Modern Super Saloons | F46: B 593 | G46: Germany | H46: 75000 | I46: Rare | J46: 420 | K46: 317 | L46: 3638 | M46: 0.58 | N46: 4.16 | O46: All | P46: Front | Q46: =L46/J46 -> 8.6619048 | R46: =0+((ABS(0.5-M46)*1)) -> 0.08 | S46: =Q46*(R46+1) -> 9.3548571 | T46: Autoshow, Wheelspin
A47: FALSE | B47: 2001 | C47: Audi | D47: RS 4 Avant | E47: Retro Super Saloons | F47: B 544 | G47: Germany | H47: 175000 | I47: Common | J47: 375 | K47: 324 | L47: 3571 | M47: 0.58 | N47: 2.67 | O47: All | P47: Front | Q47: =L47/J47 -> 9.5226667 | R47: =0+((ABS(0.5-M47)*1)) -> 0.08 | S47: =Q47*(R47+1) -> 10.28448 | T47: Autoshow, Wheelspin
A48: FALSE | B48: 2013 | C48: Audi | D48: RS 4 Avant | E48: Modern Super Saloons | F48: A 607 | G48: Germany | H48: 30000 | I48: Rare | J48: 444 | K48: 317 | L48: 3957 | M48: 0.53 | N48: 4.13 | O48: All | P48: Front | Q48: =L48/J48 -> 8.9121622 | R48: =0+((ABS(0.5-M48)*1)) -> 0.03 | S48: =Q48*(R48+1) -> 9.179527 | T48: Autoshow, Wheelspin
A49: FALSE | B49: 2018 | C49: Audi | D49: RS 4 Avant | E49: Modern Super Saloons | F49: A 637 | G49: Germany | H49: 50000 | I49: Rare | J49: 444 | K49: 442 | L49: 3946 | M49: 0.57 | N49: 2.89 | O49: All | P49: Front | Q49: =L49/J49 -> 8.8873874 | R49: =0+((ABS(0.5-M49)*1)) -> 0.07 | S49: =Q49*(R49+1) -> 9.5095045 | T49: Autoshow, Wheelspin
A50: FALSE | B50: 2011 | C50: Audi | D50: RS 5 Coupé | E50: Modern Super Saloons | F50: A 613 | G50: Germany | H50: 25000 | I50: Rare | J50: 442 | K50: 317 | L50: 3830 | M50: 0.57 | N50: 4.16 | O50: All | P50: Front | Q50: =L50/J50 -> 8.6651584 | R50: =0+((ABS(0.5-M50)*1)) -> 0.07 | S50: =Q50*(R50+1) -> 9.2717195 | T50: Autoshow, Wheelspin
A51: FALSE | B51: 2003 | C51: Audi | D51: RS 6 | E51: Retro Super Saloons | F51: B 556 | G51: Germany | H51: 35000 | I51: Rare | J51: 450 | K51: 415 | L51: 4024 | M51: 0.59 | N51: 4.17 | O51: All | P51: Front | Q51: =L51/J51 -> 8.9422222 | R51: =0+((ABS(0.5-M51)*1)) -> 0.09 | S51: =Q51*(R51+1) -> 9.7470222 | T51: Autoshow, Wheelspin
A52: FALSE | B52: 2009 | C52: Audi | D52: RS 6 | E52: Modern Super Saloons | F52: B 598 | G52: Germany | H52: 42000 | I52: Epic | J52: 570 | K52: 478 | L52: 4376 | M52: 0.59 | N52: 4.99 | O52: All | P52: Front | Q52: =L52/J52 -> 7.677193 | R52: =0+((ABS(0.5-M52)*1)) -> 0.09 | S52: =Q52*(R52+1) -> 8.3681404 | T52: Autoshow, Wheelspin
... A56: FALSE | B56: 2021 | C56: Audi | D56: RS 7 Sportback | E56: Modern Super Saloons | F56: A 655 | G56: Germany | H56: 80000 | I56: Rare | J56: 591 | K56: 590 | L56: 4553 | M56: 0.56 | N56: 4 | O56: All | P56: Front | Q56: =L56/J56 -> 7.7038917 | R56: =0+((ABS(0.5-M56)*1)) -> 0.06 | S56: =Q56*(R56+1) -> 8.1661252 | T56: Autoshow, Wheelspin
A57: FALSE | B57: 2021 | C57: Audi | D57: RS e-tron GT | E57: Modern Super Saloons | F57: A 677 | G57: Germany | H57: 95000 | I57: Epic | J57: 637 | K57: 612 | L57: 5174 | M57: 0.5 | N57: Electric | O57: All | P57: Mid | Q57: =L57/J57 -> 8.122449 | R57: =0+((ABS(0.5-M57)*1)) -> 0 | S57: =Q57*(R57+1) -> 8.122449 | T57: Autoshow, Wheelspin
A58: FALSE | B58: 2015 | C58: Audi | D58: S1 | E58: Hot Hatch | F58: B 527 | G58: Germany | H58: 21000 | I58: Common | J58: 228 | K58: 241 | L58: 2899 | M58: 0.6 | N58: 1.98 | O58: All | P58: Front | Q58: =L58/J58 -> 12.714912 | R58: =0+((ABS(0.5-M58)*1)) -> 0.1 | S58: =Q58*(R58+1) -> 13.986404 | T58: Autoshow, Wheelspin
A59: FALSE | B59: 1984 | C59: Audi | D59: Sport Quattro | E59: Retro Rally | F59: B 526 | G59: Germany | T59: Wheelspin, Seasonal
A60: FALSE | B60: 2010 | C60: Audi | D60: TT RS Coupé | E60: Modern Sports Cars | F60: B 593 | G60: Germany | H60: 35000 | I60: Rare | J60: 335 | K60: 332 | L60: 3294 | M60: 0.6 | N60: 2.48 | O60: All | P60: Front | Q60: =L60/J60 -> 9.8328358 | R60: =0+((ABS(0.5-M60)*1)) -> 0.1 | S60: =Q60*(R60+1) -> 10.816119 | T60: Autoshow, Wheelspin
A61: FALSE | B61: 1965 | C61: Austin-Healey | D61: 3000 Mk III | E61: Classic Sports Cars | F61: D 352 | G61: UK | H61: 75000 | I61: Common | J61: 147 | K61: 173 | L61: 2604 | M61: 0.52 | N61: 2.91 | O61: Rear | P61: Front | Q61: =L61/J61 -> 17.714286 | R61: =0+((ABS(0.5-M61)*1)) -> 0.02 | S61: =Q61*(R61+1) -> 18.068571 | T61: Autoshow, Wheelspin
A62: FALSE | B62: 1993 | C62: Autozam | D62: AZ-1 | E62: Eclectic Domestics | F62: D 342 | G62: Japan | H62: 38000 | I62: Rare | J62: 63 | K62: 63 | L62: 1587 | M62: 0.44 | N62: 0.66 | O62: Rear | P62: Mid | Q62: =L62/J62 -> 25.190476 | R62: =0+((ABS(0.5-M62)*1)) -> 0.06 | S62: =Q62*(R62+1) -> 26.701905 | T62: Autoshow, Wheelspin
A63: FALSE | B63: 2014 | C63: BAC | D63: Mono | E63: Track Toys | F63: S1 766 | G63: UK | H63: 196000 | I63: Epic | J63: 280 | K63: 206 | L63: 1354 | M63: 0.48 | N63: 2.3 | O63: Rear | P63: Mid | Q63: =L63/J63 -> 4.8357143 | R63: =0+((ABS(0.5-M63)*1)) -> 0.02 | S63: =Q63*(R63+1) -> 4.9324286 | T63: Autoshow, Wheelspin
A64: FALSE | B64: 2016 | C64: Bentley | D64: Bentayga | E64: Sports Utility Heroes | F64: A 612 | G64: UK | T64: Wheelspin, Seasonal
A65: FALSE | B65: 2021 | C65: Bentley | D65: Continental GT Convertible | E65: GT Cars | F65: A 649 | G65: UK | H65: 170000 | I65: Rare | J65: 626 | K65: 663 | L65: 5322 | M65: 0.55 | N65: 5.95 | O65: All | P65: Front | Q65: =L65/J65 -> 8.5015974 | R65: =0+((ABS(0.5-M65)*1)) -> 0.05 | S65: =Q65*(R65+1) -> 8.9266773 | T65: Autoshow, Collection Journal, Wheelspin
A66: FALSE | B66: 1973 | C66: BMW | D66: 2002 Turbo | E66: Classic Sports Cars | F66: C 424 | G66: Germany | H66: 127000 | I66: Legendary | J66: 168 | K66: 181 | L66: 2381 | M66: 0.54 | N66: 1.99 | O66: Rear | P66: Front | Q66: =L66/J66 -> 14.172619 | R66: =0+((ABS(0.5-M66)*1)) -> 0.04 | S66: =Q66*(R66+1) -> 14.739524 | T66: Autoshow, Wheelspin
A67: FALSE | B67: 1995 | C67: BMW | D67: 850CSi | E67: Retro Sports Cars | F67: C 493 | G67: Germany | H67: 135000 | I67: Rare | J67: 372 | K67: 402 | L67: 4240 | M67: 0.51 | N67: 5.58 | O67: Rear | P67: Front | Q67: =L67/J67 -> 11.397849 | R67: =0+((ABS(0.5-M67)*1)) -> 0.01 | S67: =Q67*(R67+1) -> 11.511828 | T67: Autoshow, Wheelspin
A68: FALSE | B68: 2015 | C68: BMW | D68: i8 | E68: Modern Sports Cars | F68: A 665 | G68: Germany | H68: 70000 | I68: Rare | J68: 357 | K68: 420 | L68: 3380 | M68: 0.49 | N68: 1.5 | O68: All | P68: Mid | Q68: =L68/J68 -> 9.4677871 | R68: =0+((ABS(0.5-M68)*1)) -> 0.01 | S68: =Q68*(R68+1) -> 9.562465 | T68: Autoshow, Wheelspin
A69: FALSE | B69: 1957 | C69: BMW | D69: Isetta 300 Export | E69: Cult Cars | F69: D 100 | G69: Germany | H69: 84000 | I69: Common | J69: 13 | K69: 14 | L69: 920 | M69: 0.55 | N69: 0.3 | O69: Rear | P69: Mid | Q69: =L69/J69 -> 70.769231 | R69: =0+((ABS(0.5-M69)*1)) -> 0.05 | S69: =Q69*(R69+1) -> 74.307692 | T69: Autoshow, Wheelspin
A70: FALSE | B70: 2022 | C70: BMW | D70: iX xDrive50 | E70: Sports Utility Heroes | F70: B 595 | G70: Germany | H70: 37000 | I70: Rare | J70: 516 | K70: 564 | L70: 5534 | M70: 0.48 | N70: Electric | O70: All | P70: Mid | Q70: =L70/J70 -> 10.724806 | R70: =0+((ABS(0.5-M70)*1)) -> 0.02 | S70: =Q70*(R70+1) -> 10.939302 | T70: Autoshow, Wheelspin
A71: FALSE | B71: 1981 | C71: BMW | D71: M1 | E71: Retro Supercars | F71: B 510 | G71: Germany | H71: 600000 | I71: Treasure Car | T71: Collection Journal
A72: FALSE | B72: 2023 | C72: BMW | D72: M2 | E72: Modern Super Saloons | F72: A 647 | G72: Germany | H72: 67000 | I72: Rare | J72: 453 | K72: 405 | L72: 3748 | M72: 0.5 | N72: 2.99 | O72: Rear | P72: Front | Q72: =L72/J72 -> 8.2737307 | R72: =0+((ABS(0.5-M72)*1)) -> 0 | S72: =Q72*(R72+1) -> 8.2737307 | T72: Autoshow, Wheelspin
A73: FALSE | B73: 2020 | C73: BMW | D73: M2 Competition Coupé | E73: Modern Super Saloons | F73: A 656 | G73: Germany | H73: 250000 | I73: Epic | T73: Wheelspin, Seasonal
A74: FALSE | B74: 2023 | C74: BMW | D74: M2 Forza Edition | E74: Track Toys | F74: A 700 | G74: Germany | T74: Collection Journal, Seasonal
A75: FALSE | B75: 1988 | C75: BMW | D75: M3 | E75: Retro Super Saloons | F75: C 474 | G75: Germany | H75: 250000 | I75: Rare | J75: 192 | K75: 170 | L75: 2762 | M75: 0.51 | N75: 2.3 | O75: Rear | P75: Front | Q75: =L75/J75 -> 14.385417 | R75: =0+((ABS(0.5-M75)*1)) -> 0.01 | S75: =Q75*(R75+1) -> 14.529271 | T75: Autoshow, Wheelspin
A76: FALSE | B76: 1997 | C76: BMW | D76: M3 | E76: Retro Super Saloons | F76: B 549 | G76: Germany | H76: 30000 | I76: Common | J76: 321 | K76: 258 | L76: 3219 | M76: 0.5 | N76: 3.2 | O76: Rear | P76: Front | Q76: =L76/J76 -> 10.028037 | R76: =0+((ABS(0.5-M76)*1)) -> 0 | S76: =Q76*(R76+1) -> 10.028037 | T76: Autoshow, Wheelspin
A77: FALSE | B77: 2005 | C77: BMW | D77: M3 | E77: Retro Super Saloons | F77: B 554 | G77: Germany | H77: 35000 | I77: Common | J77: 333 | K77: 262 | L77: 3415 | M77: 0.5 | N77: 3.25 | O77: Rear | P77: Front | Q77: =L77/J77 -> 10.255255 | R77: =0+((ABS(0.5-M77)*1)) -> 0 | S77: =Q77*(R77+1) -> 10.255255 | T77: Autoshow, Wheelspin
A78: FALSE | B78: 2008 | C78: BMW | D78: M3 | E78: Modern Super Saloons | F78: A 608 | G78: Germany | H78: 43000 | I78: Common | J78: 414 | K78: 295 | L78: 3649 | M78: 0.52 | N78: 4 | O78: Rear | P78: Front | Q78: =L78/J78 -> 8.8140097 | R78: =0+((ABS(0.5-M78)*1)) -> 0.02 | S78: =Q78*(R78+1) -> 8.9902899 | T78: Autoshow, Wheelspin
A79: FALSE | B79: 2010 | C79: BMW | D79: M3 GTS | E79: Track Toys | F79: A 678 | G79: Germany | H79: 198000 | I79: Epic | J79: 444 | K79: 324 | L79: 2408 | M79: 0.52 | N79: 4.36 | O79: Rear | P79: Front | Q79: =L79/J79 -> 5.4234234 | R79: =0+((ABS(0.5-M79)*1)) -> 0.02 | S79: =Q79*(R79+1) -> 5.5318919 | T79: Autoshow, Wheelspin
A80: FALSE | B80: 2021 | C80: BMW | D80: M4 Competition Coupé | E80: Modern Super Saloons | F80: A 666 | G80: Germany | H80: 64000 | I80: Rare | J80: 503 | K80: 479 | L80: 3804 | M80: 0.53 | N80: 2.99 | O80: Rear | P80: Front | Q80: =L80/J80 -> 7.5626243 | R80: =0+((ABS(0.5-M80)*1)) -> 0.03 | S80: =Q80*(R80+1) -> 7.789503 | T80: Autoshow, Wheelspin
A81: FALSE | B81: 2021 | C81: BMW | D81: M4 Competition Coupé Welcome Pack | E81: Modern Super Saloons | F81: S1 800 | G81: Germany | H81: 150000 | I81: Legendary | J81: 578 | K81: 551 | L81: 2976 | M81: 0.53 | N81: 2.99 | O81: Rear | P81: Front | Q81: =L81/J81 -> 5.1487889 | R81: =0+((ABS(0.5-M81)*1)) -> 0.03 | S81: =Q81*(R81+1) -> 5.3032526 | T81: Autoshow DLC | U81: Welcome Pack
A82: FALSE | B82: 2014 | C82: BMW | D82: M4 Coupé | E82: Modern Super Saloons | F82: A 679 | G82: Germany | H82: 55000 | I82: Rare | J82: 425 | K82: 406 | L82: 3389 | M82: 0.52 | N82: 2.98 | O82: Rear | P82: Front | Q82: =L82/J82 -> 7.9741176 | R82: =0+((ABS(0.5-M82)*1)) -> 0.02 | S82: =Q82*(R82+1) -> 8.1336 | T82: Autoshow, Wheelspin
A83: FALSE | B83: 2016 | C83: BMW | D83: M4 GTS | E83: Track Toys | F83: S1 711 | G83: Germany | H83: 125000 | I83: Epic | J83: 493 | K83: 442 | L83: 3329 | M83: 0.51 | N83: 2.98 | O83: Rear | P83: Front | Q83: =L83/J83 -> 6.7525355 | R83: =0+((ABS(0.5-M83)*1)) -> 0.01 | S83: =Q83*(R83+1) -> 6.8200609 | T83: Autoshow, Wheelspin
A84: FALSE | B84: 1988 | C84: BMW | D84: M5 | E84: Retro Super Saloons | F84: C 470 | G84: Germany | H84: 70000 | I84: Rare | J84: 282 | K84: 251 | L84: 3230 | M84: 0.52 | N84: 3.45 | O84: Rear | P84: Front | Q84: =L84/J84 -> 11.453901 | R84: =0+((ABS(0.5-M84)*1)) -> 0.02 | S84: =Q84*(R84+1) -> 11.682979 | T84: Autoshow, Wheelspin
A85: FALSE | B85: 1995 | C85: BMW | D85: M5 | E85: Retro Super Saloons | F85: B 516 | G85: Germany | H85: 48000 | I85: Rare | J85: 342 | K85: 301 | L85: 3772 | M85: 0.5 | N85: 3.8 | O85: Rear | P85: Front | Q85: =L85/J85 -> 11.02924 | R85: =0+((ABS(0.5-M85)*1)) -> 0 | S85: =Q85*(R85+1) -> 11.02924 | T85: Autoshow, Wheelspin
A86: FALSE | B86: 2003 | C86: BMW | D86: M5 | E86: Retro Super Saloons | F86: B 580 | G86: Germany | H86: 47000 | I86: Common | J86: 394 | K86: 368 | L86: 3900 | M86: 0.53 | N86: 4.94 | O86: Rear | P86: Front | Q86: =L86/J86 -> 9.8984772 | R86: =0+((ABS(0.5-M86)*1)) -> 0.03 | S86: =Q86*(R86+1) -> 10.195431 | T86: Autoshow, Wheelspin
A87: FALSE | B87: 2009 | C87: BMW | D87: M5 | E87: Modern Super Saloons | F87: B 595 | G87: Germany | H87: 54000 | I87: Rare | J87: 500 | K87: 383 | L87: 4012 | M87: 0.52 | N87: 5 | O87: Rear | P87: Front | Q87: =L87/J87 -> 8.024 | R87: =0+((ABS(0.5-M87)*1)) -> 0.02 | S87: =Q87*(R87+1) -> 8.18448 | T87: Autoshow, Wheelspin
A88: FALSE | B88: 2012 | C88: BMW | D88: M5 | E88: Modern Super Saloons | F88: A 652 | G88: Germany | H88: 40000 | I88: Rare | J88: 552 | K88: 501 | L88: 4123 | M88: 0.52 | N88: 4.4 | O88: Rear | P88: Front | Q88: =L88/J88 -> 7.4692029 | R88: =0+((ABS(0.5-M88)*1)) -> 0.02 | S88: =Q88*(R88+1) -> 7.618587 | T88: Autoshow, Wheelspin
A89: FALSE | B89: 2022 | C89: BMW | D89: M5 CS | E89: Modern Super Saloons | F89: S1 731 | G89: Germany | H89: 150000 | I89: Rare | J89: 626 | K89: 553 | L89: 4023 | M89: 0.56 | N89: 4.4 | O89: All | P89: Front | Q89: =L89/J89 -> 6.4265176 | R89: =0+((ABS(0.5-M89)*1)) -> 0.06 | S89: =Q89*(R89+1) -> 6.8121086 | T89: Autoshow, Wheelspin
A90: FALSE | B90: 2020 | C90: BMW | D90: M8 Competition Coupé | E90: GT Cars | F90: A 684 | G90: Germany | H90: 100000 | I90: Rare | J90: 617 | K90: 553 | L90: 4354 | M90: 0.53 | N90: 4.4 | O90: All | P90: Front | Q90: =L90/J90 -> 7.0567261 | R90: =0+((ABS(0.5-M90)*1)) -> 0.03 | S90: =Q90*(R90+1) -> 7.2684279 | T90: Autoshow, Wheelspin
A91: FALSE | B91: 2011 | C91: BMW | D91: X5 M | E91: Sports Utility Heroes | F91: B 546 | G91: Germany | H91: 24000 | I91: Common | J91: 547 | K91: 501 | L91: 5368 | M91: 0.51 | N91: 4.4 | O91: All | P91: Front | Q91: =L91/J91 -> 9.8135283 | R91: =0+((ABS(0.5-M91)*1)) -> 0.01 | S91: =Q91*(R91+1) -> 9.9116636 | T91: Autoshow, Wheelspin
A92: FALSE | B92: 2024 | C92: BMW | D92: X6 M Competition | E92: Sports Utility Heroes | F92: A 672 | G92: Germany | H92: 140000 | I92: Epic | J92: 617 | K92: 553 | L92: 5454 | M92: 0.52 | N92: 4.4 | O92: All | P92: Front | Q92: =L92/J92 -> 8.8395462 | R92: =0+((ABS(0.5-M92)*1)) -> 0.02 | S92: =Q92*(R92+1) -> 9.0163371 | T92: Autoshow, Wheelspin
A93: FALSE | B93: 2008 | C93: BMW | D93: Z4 M Coupé | E93: Modern Sports Cars | F93: B 579 | G93: Germany | H93: 63000 | I93: Rare | J93: 330 | K93: 262 | L93: 3296 | M93: 0.5 | N93: 3.25 | O93: Rear | P93: Front | Q93: =L93/J93 -> 9.9878788 | R93: =0+((ABS(0.5-M93)*1)) -> 0 | S93: =Q93*(R93+1) -> 9.9878788 | T93: Autoshow, Wheelspin
... A101: FALSE | B101: 2018 | C101: Can-Am | D101: Maverick X RS Turbo R | E101: UTVs | F101: B 568 | G101: Canada | H101: 16000 | I101: Common | J101: 172 | K101: 124 | L101: 1655 | M101: 0.4 | N101: 0.9 | O101: All | P101: Mid | Q101: =L101/J101 -> 9.622093 | R101: =0+((ABS(0.5-M101)*1)) -> 0.1 | S101: =Q101*(R101+1) -> 10.584302 | T101: Autoshow, Wheelspin
A102: FALSE | B102: 2019 | C102: Casey Currie Motorsports | D102: #4402 Ultra 4 'Trophy Jeep' | E102: Unlimited Offroad | F102: A 641 | G102: USA | T102: Wheelspin, Seasonal
A103: FALSE | B103: 1955 | C103: Chevrolet | D103: 150 Utility Sedan | E103: Rods & Customs | F103: D 221 | G103: USA | H103: 140000 | I103: Common | J103: 162 | K103: 257 | L103: 3309 | M103: 0.55 | N103: 4.34 | O103: Rear | P103: Front | Q103: =L103/J103 -> 20.425926 | R103: =0+((ABS(0.5-M103)*1)) -> 0.05 | S103: =Q103*(R103+1) -> 21.447222 | T103: Autoshow, Wheelspin
A104: FALSE | B104: 1957 | C104: Chevrolet | D104: Bel Air | E104: Rods & Customs | F104: D 320 | G104: USA | H104: 69000 | I104: Rare | J104: 220 | K104: 300 | L104: 3337 | M104: 0.57 | N104: 4.64 | O104: Rear | P104: Front | Q104: =L104/J104 -> 15.168182 | R104: =0+((ABS(0.5-M104)*1)) -> 0.07 | S104: =Q104*(R104+1) -> 16.229955 | T104: Autoshow, Wheelspin
A105: FALSE | B105: 1969 | C105: Chevrolet | D105: Camaro Super Sport Coupe | E105: Classic Muscle | F105: C 471 | G105: USA | H105: 75000 | I105: Rare | J105: 375 | K105: 415 | L105: 3527 | M105: 0.58 | N105: 6.48 | O105: Rear | P105: Front | Q105: =L105/J105 -> 9.4053333 | R105: =0+((ABS(0.5-M105)*1)) -> 0.08 | S105: =Q105*(R105+1) -> 10.15776 | T105: Autoshow, Wheelspin
A106: FALSE | B106: 2015 | C106: Chevrolet | D106: Camaro Z/28 | E106: Track Toys | F106: A 695 | G106: USA | H106: 65000 | I106: Rare | J106: 505 | K106: 481 | L106: 3837 | M106: 0.52 | N106: 7.01 | O106: Rear | P106: Front | Q106: =L106/J106 -> 7.5980198 | R106: =0+((ABS(0.5-M106)*1)) -> 0.02 | S106: =Q106*(R106+1) -> 7.7499802 | T106: Autoshow, Wheelspin
A107: FALSE | B107: 1970 | C107: Chevrolet | D107: Camaro Z28 | E107: Classic Muscle | F107: C 430 | G107: USA | H107: 55000 | I107: Rare | J107: 360 | K107: 380 | L107: 3550 | M107: 0.57 | N107: 5.74 | O107: Rear | P107: Front | Q107: =L107/J107 -> 9.8611111 | R107: =0+((ABS(0.5-M107)*1)) -> 0.07 | S107: =Q107*(R107+1) -> 10.551389 | T107: Autoshow, Wheelspin
A108: FALSE | B108: 1979 | C108: Chevrolet | D108: Camaro Z28 | E108: Classic Muscle | F108: D 364 | G108: USA | H108: 20000 | I108: Rare | J108: 175 | K108: 270 | L108: 3560 | M108: 0.56 | N108: 5.73 | O108: Rear | P108: Front | Q108: =L108/J108 -> 20.342857 | R108: =0+((ABS(0.5-M108)*1)) -> 0.06 | S108: =Q108*(R108+1) -> 21.563429 | T108: Autoshow, Wheelspin
A109: FALSE | B109: 2017 | C109: Chevrolet | D109: Camaro ZL1 | E109: Modern Muscle | F109: S1 727 | G109: USA | H109: 55000 | I109: Rare | J109: 650 | K109: 650 | L109: 3883 | M109: 0.5 | N109: 6.44 | O109: Rear | P109: Front | Q109: =L109/J109 -> 5.9738462 | R109: =0+((ABS(0.5-M109)*1)) -> 0 | S109: =Q109*(R109+1) -> 5.9738462 | T109: Autoshow, Wheelspin
A110: FALSE | B110: 2024 | C110: Chevrolet | D110: Camaro ZL1 | E110: Modern Muscle | F110: S1 718 | G110: USA | T110: Seasonal
...
